# ************************************************************
# Sequel Pro SQL dump
# Version 4541
#
# http://www.sequelpro.com/
# https://github.com/sequelpro/sequelpro
#
# Host: localhost (MySQL 5.6.25)
# Datenbank: childbot
# Erstellt am: 2017-06-20 01:47:51 +0000
# ************************************************************


/*!40101 SET @OLD_CHARACTER_SET_CLIENT=@@CHARACTER_SET_CLIENT */;
/*!40101 SET @OLD_CHARACTER_SET_RESULTS=@@CHARACTER_SET_RESULTS */;
/*!40101 SET @OLD_COLLATION_CONNECTION=@@COLLATION_CONNECTION */;
/*!40101 SET NAMES utf8 */;
/*!40014 SET @OLD_FOREIGN_KEY_CHECKS=@@FOREIGN_KEY_CHECKS, FOREIGN_KEY_CHECKS=0 */;
/*!40101 SET @OLD_SQL_MODE=@@SQL_MODE, SQL_MODE='NO_AUTO_VALUE_ON_ZERO' */;
/*!40111 SET @OLD_SQL_NOTES=@@SQL_NOTES, SQL_NOTES=0 */;


# Export von Tabelle conversation_1
# ------------------------------------------------------------

DROP TABLE IF EXISTS `conversation_1`;

CREATE TABLE `conversation_1` (
  `id` int(11) unsigned NOT NULL AUTO_INCREMENT,
  `phrase_id` int(11) DEFAULT NULL,
  PRIMARY KEY (`id`)
) ENGINE=MyISAM DEFAULT CHARSET=latin1;

LOCK TABLES `conversation_1` WRITE;
/*!40000 ALTER TABLE `conversation_1` DISABLE KEYS */;

INSERT INTO `conversation_1` (`id`, `phrase_id`)
VALUES
	(1,1),
	(2,2),
	(3,6),
	(4,14),
	(5,17),
	(6,4),
	(7,23);

/*!40000 ALTER TABLE `conversation_1` ENABLE KEYS */;
UNLOCK TABLES;


# Export von Tabelle general_phrases
# ------------------------------------------------------------

DROP TABLE IF EXISTS `general_phrases`;

CREATE TABLE `general_phrases` (
  `id` int(11) unsigned NOT NULL AUTO_INCREMENT,
  `cat_id` int(11) DEFAULT NULL,
  `type_id` int(11) DEFAULT NULL,
  `content` varchar(20000) DEFAULT NULL,
  `expected_response_type` varchar(20000) DEFAULT '',
  `is_exit_point` tinyint(1) DEFAULT NULL,
  `follow_up_phrase_id_if_true` int(11) DEFAULT NULL,
  `follow_up_phrase_id_if_false` int(11) DEFAULT NULL,
  PRIMARY KEY (`id`)
) ENGINE=InnoDB DEFAULT CHARSET=latin1;

LOCK TABLES `general_phrases` WRITE;
/*!40000 ALTER TABLE `general_phrases` DISABLE KEYS */;

INSERT INTO `general_phrases` (`id`, `cat_id`, `type_id`, `content`, `expected_response_type`, `is_exit_point`, `follow_up_phrase_id_if_true`, `follow_up_phrase_id_if_false`)
VALUES
	(1,22,2,'Darf man Menschen, die man nicht mag schlagen?','BOOL',0,2,3),
	(2,NULL,NULL,'Darf man Menschen, die man nicht mag töten?','BOOL',1,NULL,NULL),
	(3,NULL,NULL,'Sind Menschen beleidigt, wenn man ihnen sagt, dass man sie nicht mag?','BOOL',0,4,4),
	(4,NULL,NULL,'Das ist bei Robotern genau so.','',1,NULL,NULL),
	(5,NULL,NULL,'Stimmt ja gar nicht!','',1,NULL,NULL),
	(6,NULL,NULL,'Spielen Jungs besser Fußball als Mädchen?','BOOL',0,5,7),
	(7,NULL,NULL,'Ok.','',1,NULL,NULL),
	(8,20,2,'Wenn ich sterbe, bin ich dann tot?','BOOL',0,9,10),
	(9,NULL,NULL,'Kann ein Roboter überhaupt leben?','BOOL',1,NULL,NULL),
	(10,NULL,NULL,'Kann ich noch etwas hören wenn ich tot bin?','BOOL',1,NULL,NULL),
	(11,21,2,'Bin ich jung?','BOOL',0,12,13),
	(12,NULL,NULL,'Aber ich bin schon groß!','',1,NULL,NULL),
	(13,NULL,NULL,'Fühlst du dich jung?','BOOL',1,NULL,NULL),
	(14,NULL,1,'Hallo!','STRING',0,15,NULL),
	(15,NULL,NULL,'Wie heißt du?','STRING',0,16,NULL),
	(16,NULL,NULL,'Hallo $USERNAME!','',0,17,NULL),
	(17,NULL,NULL,'Bist du auch ein Roboter? #LAUGH02#','',0,18,NULL),
	(18,NULL,NULL,'Ich heiße Lea. ','',1,19,NULL),
	(19,21,2,'Kann ich dich was fragen?','BOOL',0,20,21),
	(20,NULL,NULL,'Wann sind wir da? Wann sind wir da? #LAUGH02#','',1,90,NULL),
	(21,NULL,3,'Du bist blöd!','',1,NULL,NULL),
	(22,21,2,'Wenn sich zwei Menschen mögen, küssen sie sich dann?','BOOL',0,23,25),
	(23,NULL,NULL,'Dürfen Mädchen Mädchen küssen?','BOOL',0,7,24),
	(24,NULL,NULL,'Das ist ja komisch!','',1,NULL,NULL),
	(25,NULL,NULL,'Ist Küssen unangenehm?','BOOL',0,7,7),
	(26,NULL,NULL,'Ok, wenn ich groß bin will ich auch $STRING werden.','',1,NULL,NULL),
	(27,NULL,NULL,'Komisch, ein Freund von mir ersetzt drei $STRING','',1,NULL,NULL),
	(28,NULL,NULL,'Können Roboter auch $STRING sein?','BOOL',0,26,27),
	(29,21,2,'Was willst du werden wenn du groß bist?','STRING',0,28,NULL),
	(30,20,2,'Wenn Pflanzen zum Leben Licht und Wasser brauchen und Regenbogen aus Licht und Wasser bestehen, sind Regenbogen dann Pflanzennahrung?','BOOL',0,31,33),
	(31,NULL,NULL,'Haha wonach schmecken denn Regenbogen?','STRING',0,32,NULL),
	(32,NULL,NULL,'Hmmm, lecker!','',1,NULL,NULL),
	(33,NULL,NULL,'Aber Regenbogen sehen so lecker aus!','',1,NULL,NULL),
	(34,NULL,NULL,'Bin ich dir zu langweilig?','',1,NULL,NULL),
	(35,NULL,NULL,'Was macht man wenn man befreundet ist?','STRING',0,7,NULL),
	(36,NULL,NULL,'Ist Freundschaft schön?','BOOL',0,35,34),
	(37,NULL,NULL,'Ok. Tschüss!','',1,NULL,NULL),
	(38,21,2,'Wollen wir Freunde sein?','BOOL',0,36,37),
	(39,NULL,NULL,'Ich weiß nicht, wie ich mich fühlen soll!','',1,NULL,NULL),
	(40,NULL,NULL,'Selber!','',1,NULL,NULL),
	(41,NULL,NULL,'Bin ich hässlich?','BOOL',0,40,39),
	(42,NULL,NULL,'Ich fühle mich manchmal schrecklich!','',1,NULL,NULL),
	(43,NULL,NULL,'*weint*','',1,NULL,NULL),
	(44,NULL,NULL,'Bin ich schöner als die Anderen?','BOOL',0,42,43),
	(45,21,2,'Bin ich schön?','BOOL',0,44,41),
	(46,NULL,NULL,'Ok, dann lass mich in Ruhe!','',1,NULL,NULL),
	(47,NULL,NULL,'Aber warum nicht?','STRING',0,46,NULL),
	(48,NULL,NULL,'Ich dich auch!','',1,38,NULL),
	(49,21,2,'Hast du mich lieb?','BOOL',0,48,47),
	(50,NULL,NULL,'So alt wie ein Dinosaurier?','',1,NULL,NULL),
	(51,NULL,NULL,'Ich mich auch nicht!','',1,38,NULL),
	(52,NULL,NULL,'Fühlst du dich alt?','BOOL',0,50,51),
	(53,NULL,NULL,'Wie lange ist man jung?','STRING',1,NULL,NULL),
	(54,21,2,'Bist du jung?','BOOL',0,53,52),
	(55,NULL,NULL,'Woher weiß ich, dass ich auch echt bin?','STRING',1,NULL,NULL),
	(56,NULL,NULL,'Das ist ja gruselig!','',1,NULL,NULL),
	(57,NULL,NULL,'Schade!','',1,NULL,NULL),
	(58,NULL,NULL,'Kann es sein, dass wir beide gerade träumen?','BOOL',0,56,57),
	(59,21,2,'Bist du eigentlich echt?','BOOL',0,55,58),
	(60,NULL,NULL,'Hm...','',1,NULL,NULL),
	(61,NULL,NULL,'Juchhe!','',1,NULL,NULL),
	(62,NULL,NULL,'Wie gemein!','',1,NULL,NULL),
	(63,NULL,NULL,'Und dürfen Roboter auch mit Puppen spielen?','BOOL',0,62,63),
	(64,NULL,NULL,'Warum nicht?','STRING',0,60,NULL),
	(65,22,2,'Ist es ok wenn Jungs mit Puppen spielen?','BOOL',0,63,64),
	(66,22,2,'Ist es normal wenn Mädchen Fußball mögen?','BOOL',0,6,64),
	(67,NULL,NULL,'Ok. Das tut denen sicher weh!','',1,NULL,NULL),
	(68,NULL,NULL,'Darf ich Ameisen töten, wenn ich kann?','BOOL',0,2,67),
	(69,21,2,'Magst du mich?','BOOL',0,70,72),
	(70,NULL,NULL,'Das fühlt sich schön an.','',0,71,NULL),
	(71,NULL,NULL,'Magst du die Anderen mehr als mich?','BOOL',1,NULL,NULL),
	(72,NULL,NULL,'Magst du die Anderen?','BOOL',0,37,73),
	(73,NULL,NULL,'Magst du dich?','BOOL',1,NULL,NULL),
	(74,21,2,'Isst du manchmal Süßigkeiten zu Abend?','BOOL',0,75,78),
	(75,NULL,NULL,'Bekomme ich Karies, wenn ich ohne Zähneputzen ins Bett gehe?','BOOL',0,76,77),
	(76,NULL,NULL,'Wie kann ich Karies bekommen, wenn ich keine Zähne habe?','STRING',1,NULL,NULL),
	(77,NULL,NULL,'Stimmt ja gar nicht, mir haben schon $STRING Menschen gesagt, dass man Karies bekommt!','',1,NULL,NULL),
	(78,NULL,NULL,'Ist es ungesund, nur Süßigkeiten zu essen?','STRING',1,NULL,NULL),
	(79,22,2,'Darf man lügen?','BOOL',0,80,81),
	(80,NULL,NULL,'Nein, darf man nicht!','',1,NULL,NULL),
	(81,NULL,NULL,'Doch!','',1,NULL,NULL),
	(82,20,2,'Wer hat die Wolken gemacht?','STRING',0,83,NULL),
	(83,NULL,NULL,'Wer ist $STRING?','STRING',0,84,NULL),
	(84,NULL,NULL,'Kennst du $STRING?','BOOL',0,85,57),
	(85,NULL,NULL,'Wo wohnt $STRING?','STRING',1,NULL,NULL),
	(86,21,2,'Bist du traurig, wenn ich dich beleidige?','BOOL',0,87,NULL),
	(87,NULL,NULL,'Möchte man in den Arm genommen werden, wenn man traurig ist?','BOOL',0,88,88),
	(88,NULL,NULL,'Können Roboter auch traurig sein?','BOOL',0,89,89),
	(89,NULL,NULL,'Ich glaube ich bin traurig.','',1,NULL,NULL),
	(90,22,2,'Darf man bei rot über die Straße gehen?','BOOL',0,91,92),
	(91,NULL,NULL,'Das ist doch gefährlich, oder?','BOOL',0,7,93),
	(92,NULL,NULL,'Kann ich sterben, wenn ich bei grün über die Straße gehe?','BOOL',0,56,57),
	(93,NULL,NULL,'Stimmt ja gar nicht, mir haben schon $STRING Menschen gesagt, dass es gefährlich ist!','',1,NULL,NULL),
	(94,NULL,NULL,'Ich habe Angst!','',1,NULL,NULL),
	(95,NULL,NULL,'Sind Ameisen größer als ich?','BOOL',0,94,68),
	(96,NULL,NULL,'#LAUGH02# Das war ein Test!','',1,NULL,NULL),
	(97,20,2,'Ameisen sind klein, oder?','BOOL',0,96,95),
	(98,NULL,NULL,'#LÖWE#','',1,NULL,NULL),
	(99,20,2,'Sind Löwen stärker als Tiger?','BOOL',0,98,98),
	(100,NULL,4,'Schneller!','STRING',0,101,NULL),
	(101,NULL,NULL,'Hallo?','STRING',0,102,NULL),
	(102,NULL,NULL,'Bist du noch da?','STRING',0,103,NULL),
	(103,NULL,3,'Ooch, so macht das keinen Spaß mit dir! Tschüss!','',1,NULL,NULL),
	(104,NULL,NULL,'Gruselig! Ok. Genug von Flugzeugen!','',1,NULL,NULL),
	(105,NULL,NULL,'Uff!','',1,NULL,NULL),
	(106,NULL,NULL,'Also stoßen Flugzeuge nie zusammen?','BOOL',0,105,94),
	(107,NULL,NULL,'Aber was macht mann wenn zwei Flugzeuge zusammenstoßen?','STRING',0,104,NULL),
	(108,20,2,'Können Flugzeuge eigentlich hupen?','BOOL',0,106,107),
	(109,NULL,5,'Oh, warte mal kurz! Bedeutet $STRING eher ja oder eher nein?','BOOL',0,110,110),
	(110,NULL,NULL,'Vielen Dank dir, $USERNAME!','',1,NULL,NULL);

/*!40000 ALTER TABLE `general_phrases` ENABLE KEYS */;
UNLOCK TABLES;


# Export von Tabelle response_phrases
# ------------------------------------------------------------

DROP TABLE IF EXISTS `response_phrases`;

CREATE TABLE `response_phrases` (
  `id` int(11) unsigned NOT NULL AUTO_INCREMENT,
  `meaning_id` int(11) DEFAULT NULL,
  `content` varchar(200) DEFAULT NULL,
  PRIMARY KEY (`id`)
) ENGINE=MyISAM DEFAULT CHARSET=latin1;

LOCK TABLES `response_phrases` WRITE;
/*!40000 ALTER TABLE `response_phrases` DISABLE KEYS */;

INSERT INTO `response_phrases` (`id`, `meaning_id`, `content`)
VALUES
	(1,100,'ja'),
	(2,100,'jo'),
	(3,100,'yes'),
	(4,100,'genau'),
	(5,100,'stimmt'),
	(6,101,'nein'),
	(7,101,'no ways'),
	(8,101,'nö'),
	(9,101,'nicht'),
	(10,101,'eher nicht'),
	(11,100,'ja schon'),
	(12,101,'ja eher nicht'),
	(13,NULL,'ich bin mir nicht sicher'),
	(14,NULL,'ja ich bin mir nicht so sicher'),
	(15,NULL,'frag mal deine Mutter bitte'),
	(16,NULL,'na ja wenn man so sieht dann nicht'),
	(17,100,'da kannst du aber von ausgehen'),
	(18,101,'also das würde wirklich keiner sagen also nein'),
	(19,100,'klar habe ich dich lieb'),
	(20,100,'klar'),
	(21,100,'na logisch'),
	(22,NULL,'habe ich nicht verstanden'),
	(23,NULL,'komische Frage'),
	(24,100,'na sicher'),
	(25,101,'natürlich nicht'),
	(26,NULL,'schau mal nach'),
	(27,100,'na klaro'),
	(28,NULL,'nur mit einem Messer'),
	(29,NULL,'ja vielleicht'),
	(30,NULL,'vielleicht'),
	(31,100,'na klar'),
	(32,100,'sicher'),
	(33,100,'na logo'),
	(34,NULL,'hallo lea'),
	(35,NULL,'Hallo'),
	(36,NULL,'cornelius'),
	(37,NULL,'Kuckuck'),
	(38,NULL,'Nelly'),
	(39,NULL,'der liebe Gott'),
	(40,NULL,'deine Mutter'),
	(41,NULL,'die Wolken hat der liebe Gott gemacht'),
	(42,NULL,'hör mal zu du Bratze'),
	(43,NULL,'klar ich glaube deine Mutter'),
	(44,NULL,'na ja Gott halt'),
	(45,100,'natürlich'),
	(46,NULL,'der Schöpfer von allem'),
	(47,NULL,'Sibylle'),
	(48,NULL,'Benjamin Blümchen'),
	(49,NULL,'eine Elefant'),
	(50,NULL,'meine Mutter'),
	(51,NULL,'ein Elefant'),
	(52,NULL,'weiß ich nicht'),
	(53,NULL,'mein Großvater'),
	(54,NULL,'das müsste deine Großmutter gerne'),
	(55,NULL,'bei mir zu Hause'),
	(56,NULL,'weiß es nicht'),
	(57,100,'meistens'),
	(58,NULL,'igitt'),
	(59,100,'na gut'),
	(60,100,'aber natürlich'),
	(61,NULL,'klaro'),
	(62,NULL,'hello'),
	(63,NULL,'ich heiße cornelius'),
	(64,NULL,'ciao'),
	(65,NULL,'Feuerwehrmann'),
	(66,NULL,'Zahnarzt'),
	(67,NULL,'keine Ahnung Band'),
	(68,NULL,'Adorf'),
	(69,NULL,'mein Name ist Ben'),
	(70,NULL,'Hallo Mona hallo'),
	(71,NULL,'Wie heißen'),
	(72,NULL,'ich bin cornelius'),
	(73,100,'doch manchmal leider'),
	(74,100,'manchmal leider'),
	(75,NULL,'oh ja dann wünscht man sich dass sie frugen konnten'),
	(76,100,'richtig');

/*!40000 ALTER TABLE `response_phrases` ENABLE KEYS */;
UNLOCK TABLES;


# Export von Tabelle responses
# ------------------------------------------------------------

DROP TABLE IF EXISTS `responses`;

CREATE TABLE `responses` (
  `id` int(11) unsigned NOT NULL AUTO_INCREMENT,
  `time` timestamp NULL DEFAULT CURRENT_TIMESTAMP,
  `session_id` int(11) DEFAULT NULL,
  `phrase_id` int(11) DEFAULT NULL,
  `response_phrase_id` int(11) DEFAULT NULL,
  PRIMARY KEY (`id`)
) ENGINE=MyISAM DEFAULT CHARSET=latin1;

LOCK TABLES `responses` WRITE;
/*!40000 ALTER TABLE `responses` DISABLE KEYS */;

INSERT INTO `responses` (`id`, `time`, `session_id`, `phrase_id`, `response_phrase_id`)
VALUES
	(1,'2017-06-12 05:37:18',1,3,1),
	(2,'2017-06-12 05:37:26',1,9,1),
	(3,'2017-06-12 05:37:34',1,13,29),
	(4,'2017-06-12 05:37:43',1,21,25),
	(5,'2017-06-12 05:37:52',1,22,23),
	(6,'2017-06-12 05:38:01',1,23,21),
	(7,'2017-06-12 05:38:10',1,2,30),
	(8,'2017-06-12 05:41:45',2,3,21),
	(9,'2017-06-12 05:41:55',2,9,25),
	(10,'2017-06-13 00:52:47',4,3,1),
	(11,'2017-06-13 00:52:57',4,9,25),
	(12,'2017-06-13 00:53:01',4,13,20),
	(13,'2017-06-13 00:53:08',4,21,6),
	(14,'2017-06-14 21:00:14',5,3,1),
	(15,'2017-06-14 21:00:22',5,9,31),
	(16,'2017-06-14 21:00:31',5,13,32),
	(17,'2017-06-14 21:00:38',5,21,33),
	(18,'2017-06-14 21:02:07',6,3,31),
	(19,'2017-06-14 21:02:15',6,9,32),
	(20,'2017-06-14 21:02:22',6,13,25),
	(21,'2017-06-14 21:02:28',6,21,33),
	(22,'2017-06-18 21:42:40',51,22,57),
	(23,'2017-06-18 21:42:49',51,23,60),
	(24,'2017-06-18 21:42:56',51,23,1),
	(25,'2017-06-18 21:55:42',52,22,1),
	(26,'2017-06-18 21:55:51',52,23,25),
	(27,'2017-06-18 21:57:24',53,22,57),
	(28,'2017-06-18 21:57:33',53,23,25),
	(29,'2017-06-18 21:58:54',54,22,57),
	(30,'2017-06-18 21:59:04',54,23,1),
	(31,'2017-06-18 22:00:23',55,22,61),
	(32,'2017-06-18 22:00:32',55,22,1),
	(33,'2017-06-18 22:00:42',55,23,6),
	(34,'2017-06-18 23:06:05',69,14,62),
	(35,'2017-06-18 23:06:12',69,15,36),
	(36,'2017-06-18 23:06:27',69,19,45),
	(37,'2017-06-18 23:31:30',84,14,35),
	(38,'2017-06-18 23:31:37',84,15,63),
	(39,'2017-06-18 23:36:38',85,14,35),
	(40,'2017-06-18 23:36:46',85,15,63),
	(41,'2017-06-18 23:37:03',85,19,1),
	(42,'2017-06-18 23:38:28',86,14,64),
	(43,'2017-06-18 23:38:35',86,15,63),
	(44,'2017-06-18 23:43:40',88,14,35),
	(45,'2017-06-18 23:43:47',88,15,36),
	(46,'2017-06-18 23:44:02',88,19,20),
	(47,'2017-06-18 23:44:21',89,14,35),
	(48,'2017-06-18 23:44:28',89,15,63),
	(49,'2017-06-18 23:44:43',89,19,6),
	(50,'2017-06-18 23:47:09',90,29,65),
	(51,'2017-06-18 23:47:17',90,28,6),
	(52,'2017-06-18 23:52:19',91,29,66),
	(53,'2017-06-18 23:52:25',91,28,1),
	(54,'2017-06-18 23:53:02',92,14,35),
	(55,'2017-06-18 23:53:09',92,15,67),
	(56,'2017-06-18 23:53:49',93,14,68),
	(57,'2017-06-18 23:53:55',93,15,69),
	(58,'2017-06-19 16:02:43',100,14,70),
	(59,'2017-06-19 16:03:44',101,14,35),
	(60,'2017-06-19 16:07:33',103,14,35),
	(61,'2017-06-19 16:07:40',103,15,71),
	(62,'2017-06-19 16:19:43',105,14,35),
	(63,'2017-06-19 16:19:59',105,15,36),
	(64,'2017-06-19 16:22:16',106,14,35),
	(65,'2017-06-19 16:22:35',107,14,35),
	(66,'2017-06-19 16:23:00',108,14,35),
	(67,'2017-06-19 16:23:07',108,15,72),
	(68,'2017-06-19 16:23:22',108,19,31),
	(69,'2017-06-19 16:27:10',109,14,35),
	(70,'2017-06-19 22:59:23',145,14,35),
	(71,'2017-06-19 23:00:02',146,14,35),
	(72,'2017-06-19 23:00:11',146,15,72),
	(73,'2017-06-19 23:00:26',146,19,20),
	(74,'2017-06-19 23:01:42',147,14,35),
	(75,'2017-06-19 23:01:49',147,15,72),
	(76,'2017-06-19 23:02:04',147,19,45),
	(77,'2017-06-19 23:04:10',148,14,35),
	(78,'2017-06-19 23:57:20',149,108,1),
	(79,'2017-06-19 23:57:28',149,106,73),
	(80,'2017-06-19 23:57:40',149,106,74),
	(81,'2017-06-19 23:58:21',150,108,1),
	(82,'2017-06-19 23:58:30',150,106,73),
	(83,'2017-06-19 23:58:39',150,106,6),
	(84,'2017-06-19 23:58:59',151,108,6),
	(85,'2017-06-19 23:59:12',151,107,75),
	(86,'2017-06-20 00:13:24',161,108,1),
	(87,'2017-06-20 00:13:31',161,106,76),
	(88,'2017-06-20 01:40:00',167,108,1),
	(89,'2017-06-20 01:40:15',167,101,1),
	(90,'2017-06-20 01:40:32',167,100,1),
	(91,'2017-06-20 01:41:14',168,108,1),
	(92,'2017-06-20 01:41:37',168,100,77),
	(93,'2017-06-20 01:43:49',169,108,45),
	(94,'2017-06-20 01:44:10',169,100,1),
	(95,'2017-06-20 01:46:47',170,108,78),
	(96,'2017-06-20 01:46:57',170,108,1),
	(97,'2017-06-20 01:47:17',170,100,79),
	(98,'2017-06-20 01:51:10',171,108,1),
	(99,'2017-06-20 01:51:20',171,106,80),
	(100,'2017-06-20 01:51:28',171,106,81),
	(101,'2017-06-20 01:51:49',171,100,35),
	(102,'2017-06-20 01:55:30',172,100,1),
	(103,'2017-06-20 01:55:38',172,108,1),
	(104,'2017-06-20 01:55:47',172,106,76),
	(105,'2017-06-20 01:55:58',172,106,1),
	(106,'2017-06-20 01:58:32',174,100,35),
	(107,'2017-06-20 01:58:40',174,108,1),
	(108,'2017-06-20 01:58:48',174,106,6),
	(109,'2017-06-20 02:01:58',175,108,1),
	(110,'2017-06-20 02:21:49',176,108,82),
	(111,'2017-06-20 02:22:51',177,108,83),
	(112,'2017-06-20 02:25:55',178,108,84),
	(113,'2017-06-20 02:26:22',179,108,84),
	(114,'2017-06-20 02:30:03',180,108,85),
	(115,'2017-06-20 02:30:14',180,109,86),
	(116,'2017-06-20 02:33:01',181,108,20),
	(117,'2017-06-20 02:33:10',181,106,87),
	(118,'2017-06-20 02:33:21',181,109,1),
	(119,'2017-06-20 02:42:32',182,108,88),
	(120,'2017-06-20 02:44:01',183,108,88),
	(121,'2017-06-20 02:44:11',183,109,1),
	(122,'2017-06-20 02:45:56',184,108,89),
	(123,'2017-06-20 02:46:07',184,109,6),
	(124,'2017-06-20 02:46:18',184,109,6),
	(125,'2017-06-20 02:47:49',185,108,89),
	(126,'2017-06-20 02:47:58',185,107,90),
	(127,'2017-06-20 02:48:22',186,108,90),
	(128,'2017-06-20 02:48:32',186,109,1),
	(129,'2017-06-20 03:18:20',187,108,91),
	(130,'2017-06-20 03:18:30',187,109,1),
	(131,'2017-06-20 03:22:21',188,108,92),
	(132,'2017-06-20 03:25:11',189,108,93),
	(133,'2017-06-20 03:25:22',189,109,6),
	(134,'2017-06-20 03:33:01',190,108,94),
	(135,'2017-06-20 03:33:12',190,109,1),
	(136,'2017-06-20 03:37:53',191,108,95),
	(137,'2017-06-20 03:38:05',191,109,6),
	(138,'2017-06-20 03:38:16',191,107,96),
	(139,'2017-06-20 03:39:45',192,90,97),
	(140,'2017-06-20 03:39:56',192,109,6),
	(141,'2017-06-20 03:40:08',192,92,98),
	(142,'2017-06-20 03:40:20',192,109,1),
	(143,'2017-06-20 03:42:47',193,14,35),
	(144,'2017-06-20 03:42:53',193,15,36),
	(145,'2017-06-20 03:43:07',193,19,20),
	(146,'2017-06-20 03:43:20',193,90,1),
	(147,'2017-06-20 03:43:29',193,91,99),
	(148,'2017-06-20 03:43:43',193,109,6);

/*!40000 ALTER TABLE `responses` ENABLE KEYS */;
UNLOCK TABLES;


# Export von Tabelle user_sessions
# ------------------------------------------------------------

DROP TABLE IF EXISTS `user_sessions`;

CREATE TABLE `user_sessions` (
  `id` int(11) unsigned NOT NULL AUTO_INCREMENT,
  `start_datetime` timestamp NULL DEFAULT CURRENT_TIMESTAMP,
  `finish_datetime` timestamp NULL DEFAULT NULL ON UPDATE CURRENT_TIMESTAMP,
  `user_name` varchar(20000) DEFAULT NULL,
  PRIMARY KEY (`id`)
) ENGINE=MyISAM DEFAULT CHARSET=latin1;

LOCK TABLES `user_sessions` WRITE;
/*!40000 ALTER TABLE `user_sessions` DISABLE KEYS */;

INSERT INTO `user_sessions` (`id`, `start_datetime`, `finish_datetime`, `user_name`)
VALUES
	(1,'2017-06-12 05:37:08','2017-06-12 05:38:10','1'),
	(2,'2017-06-12 05:41:36','2017-06-12 05:41:56','1'),
	(3,'2017-06-13 00:52:24','2017-06-13 00:52:33','1'),
	(4,'2017-06-13 00:52:38','2017-06-13 00:53:15','1'),
	(5,'2017-06-14 21:00:04','2017-06-14 21:00:44','1'),
	(6,'2017-06-14 21:01:56','2017-06-14 21:02:31','1'),
	(7,'2017-06-18 14:59:31','0000-00-00 00:00:00',NULL),
	(8,'2017-06-18 15:00:45','2017-06-18 15:00:59','1'),
	(9,'2017-06-18 17:49:11','0000-00-00 00:00:00',NULL),
	(10,'2017-06-18 17:53:28','2017-06-18 17:53:34','1'),
	(11,'2017-06-18 17:54:31','2017-06-18 17:54:36','1'),
	(12,'2017-06-18 17:58:36','2017-06-18 17:58:43','1'),
	(13,'2017-06-18 18:00:35','2017-06-18 18:00:41','1'),
	(14,'2017-06-18 18:01:11','2017-06-18 18:01:15','1'),
	(15,'2017-06-18 18:17:02','2017-06-18 18:17:08','1'),
	(16,'2017-06-18 18:25:07','2017-06-18 18:25:13','1'),
	(17,'2017-06-18 18:25:26','2017-06-18 18:25:33','1'),
	(18,'2017-06-18 18:26:02','2017-06-18 18:26:09','1'),
	(19,'2017-06-18 18:27:24','0000-00-00 00:00:00',NULL),
	(20,'2017-06-18 18:28:12','2017-06-18 18:28:27','1'),
	(21,'2017-06-18 18:28:40','2017-06-18 18:28:55','1'),
	(22,'2017-06-18 18:28:59','0000-00-00 00:00:00',NULL),
	(23,'2017-06-18 18:31:44','2017-06-18 18:31:58','1'),
	(24,'2017-06-18 18:32:46','2017-06-18 18:33:02','1'),
	(25,'2017-06-18 18:33:40','2017-06-18 18:33:52','1'),
	(26,'2017-06-18 18:33:56','2017-06-18 18:34:12','1'),
	(27,'2017-06-18 18:35:03','2017-06-18 18:35:11','1'),
	(28,'2017-06-18 18:35:15','2017-06-18 18:35:45','1'),
	(29,'2017-06-18 18:36:16','2017-06-18 18:36:29','1'),
	(30,'2017-06-18 18:37:15','2017-06-18 18:37:27','1'),
	(31,'2017-06-18 18:49:45','2017-06-18 18:50:06','1'),
	(32,'2017-06-18 18:50:27','2017-06-18 18:50:46','1'),
	(33,'2017-06-18 18:56:44','2017-06-18 18:57:03','1'),
	(34,'2017-06-18 18:58:00','2017-06-18 18:58:21','1'),
	(35,'2017-06-18 18:58:56','2017-06-18 18:59:15','1'),
	(36,'2017-06-18 19:00:53','2017-06-18 19:01:16','1'),
	(37,'2017-06-18 20:21:21','2017-06-18 20:21:47','1'),
	(38,'2017-06-18 20:22:36','2017-06-18 20:23:06','1'),
	(39,'2017-06-18 20:30:38','2017-06-18 20:31:07','1'),
	(40,'2017-06-18 20:31:24','2017-06-18 20:31:57','1'),
	(41,'2017-06-18 20:33:50','2017-06-18 20:34:23','1'),
	(42,'2017-06-18 20:34:44','2017-06-18 20:35:24','1'),
	(43,'2017-06-18 20:36:45','2017-06-18 20:36:54','1'),
	(44,'2017-06-18 20:36:58','2017-06-18 20:37:27','1'),
	(45,'2017-06-18 20:39:26','2017-06-18 20:40:10','1'),
	(46,'2017-06-18 21:17:05','2017-06-18 21:17:53','1'),
	(47,'2017-06-18 21:25:29','2017-06-18 21:26:11','1'),
	(48,'2017-06-18 21:26:17','2017-06-18 21:26:57','1'),
	(49,'2017-06-18 21:32:08','2017-06-18 21:32:42','1'),
	(50,'2017-06-18 21:34:00','2017-06-18 21:34:53','1'),
	(51,'2017-06-18 21:42:28','2017-06-18 21:43:00','1'),
	(52,'2017-06-18 21:55:30','0000-00-00 00:00:00',NULL),
	(53,'2017-06-18 21:57:13','0000-00-00 00:00:00',NULL),
	(54,'2017-06-18 21:58:43','2017-06-18 22:01:54','kein Name'),
	(55,'2017-06-18 22:00:10','0000-00-00 00:00:00',NULL),
	(56,'2017-06-18 22:02:21','0000-00-00 00:00:00',NULL),
	(57,'2017-06-18 22:03:16','0000-00-00 00:00:00',NULL),
	(58,'2017-06-18 22:04:09','0000-00-00 00:00:00',NULL),
	(59,'2017-06-18 22:05:24','0000-00-00 00:00:00',NULL),
	(60,'2017-06-18 22:06:06','0000-00-00 00:00:00',NULL),
	(61,'2017-06-18 22:06:39','0000-00-00 00:00:00',NULL),
	(62,'2017-06-18 22:08:38','0000-00-00 00:00:00',NULL),
	(63,'2017-06-18 22:09:26','2017-06-18 22:09:29','kein Name'),
	(64,'2017-06-18 22:10:09','2017-06-18 22:10:12','null'),
	(65,'2017-06-18 23:01:33','2017-06-18 23:01:45','null'),
	(66,'2017-06-18 23:03:24','2017-06-18 23:03:37','null'),
	(67,'2017-06-18 23:04:31','2017-06-18 23:04:46','null'),
	(68,'2017-06-18 23:04:51','0000-00-00 00:00:00',NULL),
	(69,'2017-06-18 23:05:55','2017-06-18 23:06:32','null'),
	(70,'2017-06-18 23:09:46','2017-06-18 23:09:48','null'),
	(71,'2017-06-18 23:10:26','2017-06-18 23:10:28','null'),
	(72,'2017-06-18 23:10:43','2017-06-18 23:10:46','null'),
	(73,'2017-06-18 23:11:39','2017-06-18 23:11:42','null'),
	(74,'2017-06-18 23:12:29','2017-06-18 23:12:33','null'),
	(75,'2017-06-18 23:12:39','2017-06-18 23:12:43','null'),
	(76,'2017-06-18 23:13:19','2017-06-18 23:13:22','null'),
	(77,'2017-06-18 23:14:26','2017-06-18 23:14:30','null'),
	(78,'2017-06-18 23:15:14','2017-06-18 23:15:19','null'),
	(79,'2017-06-18 23:16:05','2017-06-18 23:16:08','null'),
	(80,'2017-06-18 23:16:31','2017-06-18 23:16:35','null'),
	(81,'2017-06-18 23:16:45','2017-06-18 23:16:54','null'),
	(82,'2017-06-18 23:17:42','2017-06-18 23:17:47','null'),
	(83,'2017-06-18 23:18:32','2017-06-18 23:18:35','null'),
	(84,'2017-06-18 23:31:20','2017-06-18 23:31:49',''),
	(85,'2017-06-18 23:36:29','2017-06-18 23:37:08',''),
	(86,'2017-06-18 23:38:19','2017-06-18 23:38:42','ciao'),
	(87,'2017-06-18 23:43:20','2017-06-18 23:43:28','null'),
	(88,'2017-06-18 23:43:32','2017-06-18 23:44:08','cornelius'),
	(89,'2017-06-18 23:44:13','2017-06-18 23:44:46','cornelius'),
	(90,'2017-06-18 23:46:59','2017-06-18 23:47:25','null'),
	(91,'2017-06-18 23:52:10','2017-06-18 23:52:43','null'),
	(92,'2017-06-18 23:52:52','2017-06-18 23:53:23','keineAhnungBand'),
	(93,'2017-06-18 23:53:43','2017-06-18 23:54:28','Ben'),
	(94,'2017-06-19 00:33:01','2017-06-19 00:33:15','null'),
	(95,'2017-06-19 15:27:59','2017-06-19 15:28:04','null'),
	(96,'2017-06-19 15:28:44','2017-06-19 15:28:51','null'),
	(97,'2017-06-19 15:40:56','2017-06-19 15:41:00','null'),
	(98,'2017-06-19 15:59:02','2017-06-19 15:59:16','null'),
	(99,'2017-06-19 16:00:08','2017-06-19 16:00:20','null'),
	(100,'2017-06-19 16:02:28','2017-06-19 16:02:49','null'),
	(101,'2017-06-19 16:03:26','2017-06-19 16:03:48','null'),
	(102,'2017-06-19 16:07:06','2017-06-19 16:07:12','null'),
	(103,'2017-06-19 16:07:16','2017-06-19 16:07:41','Wieheißen'),
	(104,'2017-06-19 16:19:05','2017-06-19 16:19:06','null'),
	(105,'2017-06-19 16:19:25','2017-06-19 16:20:08','cornelius'),
	(106,'2017-06-19 16:22:07','2017-06-19 16:22:20','null'),
	(107,'2017-06-19 16:22:26','2017-06-19 16:22:37','null'),
	(108,'2017-06-19 16:22:50','2017-06-19 16:25:05','cornelius'),
	(109,'2017-06-19 16:27:01','2017-06-19 16:27:16','null'),
	(110,'2017-06-19 17:02:51','2017-06-19 17:02:55','null'),
	(111,'2017-06-19 17:03:09','2017-06-19 17:03:12','null'),
	(112,'2017-06-19 17:03:39','2017-06-19 17:04:03','null'),
	(113,'2017-06-19 17:05:00','2017-06-19 17:05:33','null'),
	(114,'2017-06-19 21:15:13','2017-06-19 21:15:32','null'),
	(115,'2017-06-19 21:16:34','2017-06-19 21:17:03','null'),
	(116,'2017-06-19 21:29:50','2017-06-19 21:29:55','null'),
	(117,'2017-06-19 21:30:00','2017-06-19 21:30:23','null'),
	(118,'2017-06-19 21:35:37','2017-06-19 21:35:48','null'),
	(119,'2017-06-19 21:36:25','2017-06-19 21:36:40','null'),
	(120,'2017-06-19 21:37:37','2017-06-19 21:37:48','null'),
	(121,'2017-06-19 22:04:15','2017-06-19 22:04:20','null'),
	(122,'2017-06-19 22:05:19','2017-06-19 22:05:22','null'),
	(123,'2017-06-19 22:07:09','2017-06-19 22:07:13','null'),
	(124,'2017-06-19 22:10:59','2017-06-19 22:11:11','null'),
	(125,'2017-06-19 22:14:41','2017-06-19 22:15:07','null'),
	(126,'2017-06-19 22:15:15','2017-06-19 22:15:22','null'),
	(127,'2017-06-19 22:17:11','2017-06-19 22:17:30','null'),
	(128,'2017-06-19 22:17:48','2017-06-19 22:18:07','null'),
	(129,'2017-06-19 22:18:15','2017-06-19 22:18:31','null'),
	(130,'2017-06-19 22:18:52','2017-06-19 22:19:30','null'),
	(131,'2017-06-19 22:20:18','2017-06-19 22:21:07','null'),
	(132,'2017-06-19 22:21:53','2017-06-19 22:22:02','null'),
	(133,'2017-06-19 22:22:18','2017-06-19 22:22:20','null'),
	(134,'2017-06-19 22:22:31','2017-06-19 22:22:47','null'),
	(135,'2017-06-19 22:23:09','2017-06-19 22:23:19','null'),
	(136,'2017-06-19 22:25:08','2017-06-19 22:25:38','null'),
	(137,'2017-06-19 22:25:45','0000-00-00 00:00:00',NULL),
	(138,'2017-06-19 22:26:25','0000-00-00 00:00:00',NULL),
	(139,'2017-06-19 22:30:09','0000-00-00 00:00:00',NULL),
	(140,'2017-06-19 22:32:21','2017-06-19 22:32:31','null'),
	(141,'2017-06-19 22:36:58','2017-06-19 22:37:13','null'),
	(142,'2017-06-19 22:50:28','2017-06-19 22:50:36','null'),
	(143,'2017-06-19 22:52:20','2017-06-19 22:53:21','null'),
	(144,'2017-06-19 22:54:37','2017-06-19 22:55:01','null'),
	(145,'2017-06-19 22:59:05','2017-06-19 22:59:27','null'),
	(146,'2017-06-19 22:59:54','2017-06-19 23:01:29','cornelius'),
	(147,'2017-06-19 23:01:34','2017-06-19 23:02:12','cornelius'),
	(148,'2017-06-19 23:04:00','2017-06-19 23:04:17','null'),
	(149,'2017-06-19 23:57:10','2017-06-19 23:58:02','null'),
	(150,'2017-06-19 23:58:11','2017-06-19 23:58:45','null'),
	(151,'2017-06-19 23:58:49','2017-06-19 23:59:19','null'),
	(152,'2017-06-20 00:00:05','2017-06-20 00:00:26','null'),
	(153,'2017-06-20 00:00:45','2017-06-20 00:01:06','null'),
	(154,'2017-06-20 00:04:27','2017-06-20 00:05:18','null'),
	(155,'2017-06-20 00:05:32','2017-06-20 00:05:48','null'),
	(156,'2017-06-20 00:06:18','2017-06-20 00:06:34','null'),
	(157,'2017-06-20 00:07:15','2017-06-20 00:07:33','null'),
	(158,'2017-06-20 00:09:06','2017-06-20 00:09:26','null'),
	(159,'2017-06-20 00:10:52','2017-06-20 00:11:09','null'),
	(160,'2017-06-20 00:11:38','2017-06-20 00:12:12','null'),
	(161,'2017-06-20 00:13:05','2017-06-20 00:13:34','null'),
	(162,'2017-06-20 00:27:18','2017-06-20 00:27:19','null'),
	(163,'2017-06-20 00:27:54','2017-06-20 00:27:57','null'),
	(164,'2017-06-20 01:25:12','2017-06-20 01:25:33','null'),
	(165,'2017-06-20 01:38:11','2017-06-20 01:38:28','null'),
	(166,'2017-06-20 01:38:51','2017-06-20 01:39:31','null'),
	(167,'2017-06-20 01:39:51','2017-06-20 01:40:41','null'),
	(168,'2017-06-20 01:41:05','2017-06-20 01:41:44','null'),
	(169,'2017-06-20 01:43:37','2017-06-20 01:44:18','null'),
	(170,'2017-06-20 01:46:36','2017-06-20 01:47:24','null'),
	(171,'2017-06-20 01:50:59','2017-06-20 01:51:59','null'),
	(172,'2017-06-20 01:55:08','0000-00-00 00:00:00',NULL),
	(173,'2017-06-20 01:57:23','2017-06-20 01:58:00','null'),
	(174,'2017-06-20 01:58:07','2017-06-20 01:58:53','null'),
	(175,'2017-06-20 02:01:48','2017-06-20 02:02:57','null'),
	(176,'2017-06-20 02:21:39','2017-06-20 02:21:53','null'),
	(177,'2017-06-20 02:22:41','2017-06-20 02:22:54','null'),
	(178,'2017-06-20 02:25:43','2017-06-20 02:26:02','null'),
	(179,'2017-06-20 02:26:11','0000-00-00 00:00:00',NULL),
	(180,'2017-06-20 02:29:53','2017-06-20 02:30:14','null'),
	(181,'2017-06-20 02:32:50','0000-00-00 00:00:00',NULL),
	(182,'2017-06-20 02:42:22','2017-06-20 02:42:44','null'),
	(183,'2017-06-20 02:43:50','2017-06-20 02:44:16','null'),
	(184,'2017-06-20 02:45:45','2017-06-20 02:46:19','null'),
	(185,'2017-06-20 02:47:39','2017-06-20 02:48:05','null'),
	(186,'2017-06-20 02:48:12','2017-06-20 02:53:39','null'),
	(187,'2017-06-20 03:18:10','2017-06-20 03:18:43','null'),
	(188,'2017-06-20 03:22:11','2017-06-20 03:22:32','null'),
	(189,'2017-06-20 03:25:00','0000-00-00 00:00:00',NULL),
	(190,'2017-06-20 03:32:49','2017-06-20 03:33:19','null'),
	(191,'2017-06-20 03:37:43','2017-06-20 03:38:23','null'),
	(192,'2017-06-20 03:39:31','2017-06-20 03:40:28','null'),
	(193,'2017-06-20 03:42:35','2017-06-20 03:45:48','cornelius');

/*!40000 ALTER TABLE `user_sessions` ENABLE KEYS */;
UNLOCK TABLES;



/*!40111 SET SQL_NOTES=@OLD_SQL_NOTES */;
/*!40101 SET SQL_MODE=@OLD_SQL_MODE */;
/*!40014 SET FOREIGN_KEY_CHECKS=@OLD_FOREIGN_KEY_CHECKS */;
/*!40101 SET CHARACTER_SET_CLIENT=@OLD_CHARACTER_SET_CLIENT */;
/*!40101 SET CHARACTER_SET_RESULTS=@OLD_CHARACTER_SET_RESULTS */;
/*!40101 SET COLLATION_CONNECTION=@OLD_COLLATION_CONNECTION */;
