# ************************************************************
# Sequel Pro SQL dump
# Version 4541
#
# http://www.sequelpro.com/
# https://github.com/sequelpro/sequelpro
#
# Host: localhost (MySQL 5.6.35)
# Datenbank: childbot
# Erstellt am: 2017-07-28 18:36:00 +0000
# ************************************************************


/*!40101 SET @OLD_CHARACTER_SET_CLIENT=@@CHARACTER_SET_CLIENT */;
/*!40101 SET @OLD_CHARACTER_SET_RESULTS=@@CHARACTER_SET_RESULTS */;
/*!40101 SET @OLD_COLLATION_CONNECTION=@@COLLATION_CONNECTION */;
/*!40101 SET NAMES utf8 */;
/*!40014 SET @OLD_FOREIGN_KEY_CHECKS=@@FOREIGN_KEY_CHECKS, FOREIGN_KEY_CHECKS=0 */;
/*!40101 SET @OLD_SQL_MODE=@@SQL_MODE, SQL_MODE='NO_AUTO_VALUE_ON_ZERO' */;
/*!40111 SET @OLD_SQL_NOTES=@@SQL_NOTES, SQL_NOTES=0 */;


# Export von Tabelle conversation_1
# ------------------------------------------------------------

DROP TABLE IF EXISTS `conversation_1`;

CREATE TABLE `conversation_1` (
  `id` int(11) unsigned NOT NULL AUTO_INCREMENT,
  `phrase_id` int(11) DEFAULT NULL,
  PRIMARY KEY (`id`)
) ENGINE=MyISAM DEFAULT CHARSET=latin1;

LOCK TABLES `conversation_1` WRITE;
/*!40000 ALTER TABLE `conversation_1` DISABLE KEYS */;

INSERT INTO `conversation_1` (`id`, `phrase_id`)
VALUES
	(1,1),
	(2,2),
	(3,6),
	(4,14),
	(5,17),
	(6,4),
	(7,23);

/*!40000 ALTER TABLE `conversation_1` ENABLE KEYS */;
UNLOCK TABLES;


# Export von Tabelle general_phrases
# ------------------------------------------------------------

DROP TABLE IF EXISTS `general_phrases`;

CREATE TABLE `general_phrases` (
  `id` int(11) unsigned NOT NULL AUTO_INCREMENT,
  `type_id` int(11) DEFAULT NULL,
  `group_id` int(11) DEFAULT NULL,
  `content` varchar(20000) DEFAULT NULL,
  `duration` int(11) DEFAULT NULL,
  `expected_response_type` varchar(20000) DEFAULT '',
  `is_sequence_end` tinyint(1) DEFAULT NULL,
  `reaction_yes` int(11) DEFAULT NULL,
  `follow_up_yes` int(11) DEFAULT NULL,
  `reaction_no` int(11) DEFAULT NULL,
  `follow_up_no` int(11) DEFAULT NULL,
  `reaction_amb` int(11) DEFAULT NULL,
  `follow_up_amb` int(11) DEFAULT NULL,
  PRIMARY KEY (`id`)
) ENGINE=InnoDB DEFAULT CHARSET=latin1;

LOCK TABLES `general_phrases` WRITE;
/*!40000 ALTER TABLE `general_phrases` DISABLE KEYS */;

INSERT INTO `general_phrases` (`id`, `type_id`, `group_id`, `content`, `duration`, `expected_response_type`, `is_sequence_end`, `reaction_yes`, `follow_up_yes`, `reaction_no`, `follow_up_no`, `reaction_amb`, `follow_up_amb`)
VALUES
	(2,2,21,'Darf man Menschen, die man nicht mag töten?',3441,'BOOL',0,73,138,79,4,NULL,NULL),
	(3,2,21,'Sind Menschen beleidigt, wenn man ihnen sagt, dass man sie nicht mag?',4982,'BOOL',0,79,4,79,7,72,14),
	(4,NULL,NULL,'Das sehe ich genau so. $DEL800',2113,'',1,NULL,NULL,NULL,NULL,NULL,NULL),
	(5,NULL,NULL,'Stimmt ja gar nicht! $DEL800',1727,'',1,NULL,NULL,NULL,NULL,NULL,NULL),
	(6,NULL,NULL,'Spielen Jungs besser Fußball als Mädchen?',2949,'BOOL',0,NULL,5,79,NULL,NULL,NULL),
	(7,NULL,NULL,'Okay. $DEL800',1100,'',1,NULL,NULL,NULL,NULL,NULL,NULL),
	(8,2,21,'Wenn ich sterbe, bin ich dann tot?',2975,'BOOL',0,79,9,79,10,NULL,NULL),
	(9,NULL,NULL,'Kann ein Roboter überhaupt leben?',2606,'BOOL',0,NULL,119,71,120,74,NULL),
	(10,NULL,NULL,'Kann ich noch etwas hören wenn ich tot bin?',2942,'BOOL',0,82,139,79,57,NULL,NULL),
	(14,NULL,NULL,'Ich dachte dass das unangenehm ist.',2768,'',NULL,NULL,15,NULL,NULL,NULL,NULL),
	(15,NULL,NULL,'',1479,'STRING',0,NULL,16,NULL,NULL,NULL,NULL),
	(16,NULL,NULL,'',2065,'',0,NULL,18,NULL,NULL,NULL,NULL),
	(17,NULL,NULL,'',4825,'',0,NULL,19,NULL,NULL,NULL,NULL),
	(18,NULL,NULL,'',1789,'',0,NULL,17,NULL,NULL,NULL,NULL),
	(19,NULL,NULL,'',2537,'',1,NULL,NULL,NULL,NULL,NULL,NULL),
	(21,3,NULL,'Lass mich in Ruhe! #CRY01#',5206,'',1,NULL,NULL,NULL,NULL,NULL,NULL),
	(22,2,21,'Wenn sich zwei Menschen mögen, küssen sie sich dann?',3601,'BOOL',0,79,23,71,25,74,NULL),
	(23,NULL,NULL,'Dürfen Mädchen Mädchen küssen?',2398,'BOOL',0,79,NULL,71,24,NULL,NULL),
	(24,NULL,NULL,'Das ist ja komisch! $DEL800',1831,'',1,NULL,NULL,NULL,NULL,NULL,NULL),
	(25,NULL,NULL,'Ist Küssen unangenehm?',2014,'BOOL',0,79,7,79,7,72,NULL),
	(29,2,20,'Was wolltest du als Kind werden?',2398,'STRING',1,79,NULL,NULL,NULL,NULL,NULL),
	(30,2,20,'Wenn Pflanzen zum Leben Licht und Wasser brauchen und Regenbogen aus Licht und Wasser bestehen, sind Regenbogen dann Pflanzennahrung?',8786,'STRING',1,80,NULL,NULL,NULL,NULL,NULL),
	(35,NULL,NULL,'Was macht man wenn man befreundet ist?',2841,'STRING',0,79,38,NULL,NULL,NULL,NULL),
	(37,2,22,'Hast du Freunde?',1621,'BOOL',0,79,35,71,35,NULL,NULL),
	(38,NULL,NULL,'Wollen wir Freunde sein?',1836,'BOOL',0,76,137,77,140,NULL,NULL),
	(50,NULL,NULL,'#LAUGH02# So alt wie ein Dinosaurier? $DEL800',3354,'',1,NULL,NULL,NULL,NULL,NULL,NULL),
	(51,NULL,NULL,'Ich mich auch nicht! $DEL800',1799,'',1,NULL,38,NULL,NULL,NULL,NULL),
	(52,NULL,NULL,'Fühlst du dich denn alt?',1869,'BOOL',0,NULL,50,80,51,NULL,NULL),
	(53,NULL,NULL,'Wie lange ist man jung?',1644,'STRING',1,79,NULL,NULL,NULL,NULL,NULL),
	(54,2,21,'Fühlst du dich jung?',1625,'BOOL',0,NULL,53,79,52,72,NULL),
	(57,NULL,NULL,'Schade! $DEL800',1187,'',1,NULL,NULL,NULL,NULL,NULL,NULL),
	(60,NULL,NULL,'Hmm. $DEL800',1002,'',1,NULL,NULL,NULL,NULL,NULL,NULL),
	(61,NULL,NULL,'',NULL,'',NULL,NULL,NULL,NULL,NULL,NULL,NULL),
	(62,NULL,NULL,'Also ich glaube ja man darf nicht lügen. $DEL800',2960,'',1,NULL,NULL,NULL,NULL,NULL,NULL),
	(64,NULL,NULL,'Warum nicht?',1436,'STRING',0,NULL,60,NULL,NULL,NULL,NULL),
	(65,2,20,'Ist es ok wenn Jungs mit Puppen spielen?',3112,'BOOL',0,79,NULL,71,64,72,NULL),
	(66,2,20,'Ist es normal wenn Mädchen Fußball mögen?',2825,'BOOL',0,NULL,6,71,64,NULL,NULL),
	(69,2,22,'Magst du mich?',1574,'BOOL',0,80,38,77,21,72,NULL),
	(74,2,20,'Isst du manchmal Süßigkeiten zu Abend?',3112,'BOOL',0,80,NULL,71,NULL,NULL,NULL),
	(79,2,21,'Darf man lügen?',1527,'BOOL',0,71,80,71,81,72,62),
	(80,NULL,NULL,'Nein, darf man nicht! $DEL800',2355,'',1,NULL,NULL,NULL,NULL,NULL,NULL),
	(81,NULL,NULL,'Doch! $DEL800',1184,'',1,NULL,NULL,NULL,NULL,NULL,NULL),
	(86,2,22,'Bist du traurig, wenn ich dich beleidige?',3167,'BOOL',0,79,87,71,87,72,14),
	(87,NULL,NULL,'Möchte man in den Arm genommen werden, wenn man traurig ist?',4071,'BOOL',0,NULL,89,NULL,89,NULL,NULL),
	(89,NULL,NULL,'Oh. Ich glaube ich bin traurig. #CRY01# $DEL700',6745,'',1,NULL,141,NULL,NULL,NULL,NULL),
	(90,2,20,'Darf man bei rot über die Straße gehen?',2778,'BOOL',0,71,91,79,NULL,71,105),
	(91,NULL,NULL,'Das ist doch gefährlich! $DEL800',2051,'',1,NULL,NULL,NULL,NULL,NULL,NULL),
	(98,NULL,NULL,'#LÖWE# $DEL800',1549,'',1,NULL,NULL,NULL,NULL,NULL,NULL),
	(99,2,20,'Sind Löwen stärker als Tiger?',2567,'BOOL',0,NULL,98,NULL,98,NULL,NULL),
	(100,4,NULL,'Entschuldigung, ich habe dich nicht verstanden. Was hast du gesagt?',4908,'STRING',0,NULL,101,NULL,NULL,NULL,NULL),
	(101,NULL,NULL,'Bitte rede deutlich, langsam und erst wenn ich fertig bin.',4341,'STRING',0,NULL,102,NULL,NULL,NULL,NULL),
	(102,3,NULL,'Oh. Wenn du nichts sagen willst, möchte ich mich auch nicht alleine unterhalten. Tschüss! $DEL800',7020,'',1,NULL,NULL,NULL,NULL,NULL,NULL),
	(104,NULL,NULL,'Gruselig! Ok. Genug von Flugzeugen! $DEL800',4352,'',1,NULL,NULL,NULL,NULL,NULL,NULL),
	(105,NULL,NULL,'Ist es nicht gefährlich? $DEL800',1803,'',1,NULL,NULL,NULL,NULL,NULL,NULL),
	(106,NULL,NULL,'Also stoßen Flugzeuge nie zusammen?',2845,'BOOL',0,79,NULL,73,NULL,NULL,NULL),
	(107,NULL,NULL,'Aber was macht mann wenn zwei Flugzeuge zusammenstoßen?',4168,'STRING',0,NULL,104,NULL,NULL,NULL,NULL),
	(108,2,20,'Können Flugzeuge eigentlich hupen?',2463,'BOOL',0,71,106,79,107,NULL,NULL),
	(112,NULL,NULL,'Du musst laut und deutlich sprechen damit ich dich verstehe!',3618,'STRING',0,NULL,123,NULL,NULL,NULL,NULL),
	(114,3,NULL,'Ach, du redest so unverständlich. Tschüss',4141,'',1,NULL,NULL,NULL,NULL,NULL,NULL),
	(116,NULL,NULL,'Dankeschön! $DEL800',1491,'',1,NULL,NULL,NULL,NULL,NULL,NULL),
	(119,NULL,NULL,'#LAUGH02# sonst könnten wir ja gar nicht mit einander reden. $DEL800',4248,'',1,NULL,NULL,NULL,NULL,NULL,NULL),
	(120,NULL,NULL,'Nanu! Aber wir reden doch mit einander! Aber ok. $DEL800',4290,'',1,NULL,NULL,NULL,NULL,NULL,NULL),
	(121,NULL,NULL,'',NULL,'',NULL,NULL,NULL,NULL,NULL,NULL,NULL),
	(122,NULL,NULL,'',NULL,'',NULL,NULL,NULL,NULL,NULL,NULL,NULL),
	(127,5,NULL,'Hallo, ist da jemand?',2450,'STRING',NULL,NULL,NULL,NULL,NULL,NULL,NULL),
	(132,5,NULL,'Hallo! Ist da wer?',2121,'STRING',NULL,NULL,NULL,NULL,NULL,NULL,NULL),
	(133,5,NULL,'Hey! Du kannst mit mir reden!',2612,'STRING',NULL,NULL,NULL,NULL,NULL,NULL,NULL),
	(137,3,NULL,'Okay $USERNAME, es ist so schön einen Freund wie dich zu haben. Bis bald! Tschüss!',7502,'',1,NULL,NULL,NULL,NULL,NULL,NULL),
	(138,NULL,NULL,'Ich hab Angst! $DEL800',1693,'',1,NULL,NULL,NULL,NULL,NULL,NULL),
	(139,NULL,NULL,'Das ist ja gruselig! $DEL800',2011,'',1,NULL,NULL,NULL,NULL,NULL,NULL),
	(140,3,NULL,'#CRY01# Lass mich in Ruhe!',4654,'',1,NULL,NULL,NULL,NULL,NULL,NULL),
	(141,3,NULL,'Ich möchte jetzt lieber alleine sein.',2625,'',1,NULL,NULL,NULL,NULL,NULL,NULL),
	(142,1,NULL,'Wie heißt du?',1483,'STRING',0,NULL,143,NULL,NULL,NULL,NULL),
	(143,NULL,NULL,'Hallo $USERNAME! Hab ich deinen Namen richtig verstanden? Sag bitte ja oder nein.',6741,'BOOL',0,79,144,78,144,NULL,NULL),
	(144,NULL,NULL,'Ich heiße Lea. ',1783,'',0,NULL,145,NULL,NULL,NULL,NULL),
	(145,NULL,NULL,'Bitte rede deutlich und langsam mit mir, sonst verstehe ich dich nicht.',4824,'',0,NULL,146,NULL,NULL,NULL,NULL),
	(146,NULL,NULL,'Ist das okay?',1544,'BOOL',0,NULL,147,NULL,148,NULL,NULL),
	(147,NULL,NULL,'Okay. Ich hab dann eine Frage an dich, ..',3763,'',1,NULL,NULL,NULL,NULL,NULL,NULL),
	(148,NULL,NULL,'Na wenn das für dich nicht okay ist, können wir uns nicht unterhalten. Bist du dir sicher?',6102,'BOOL',0,NULL,149,NULL,147,NULL,NULL),
	(149,3,NULL,'Schade. Tschüss!',2317,'',1,NULL,NULL,NULL,NULL,NULL,NULL),
	(150,5,NULL,'#WHISTLE02# Ist da jemand?',4631,'STRING',NULL,NULL,NULL,NULL,NULL,NULL,NULL),
	(151,5,NULL,'Hey!',1247,'STRING',NULL,NULL,NULL,NULL,NULL,NULL,NULL),
	(153,6,NULL,'Hmm. Was meinst du damit?',2669,'STRING',1,79,NULL,NULL,NULL,NULL,NULL),
	(154,6,NULL,'Was heißt das?',1624,'STRING',1,79,NULL,NULL,NULL,NULL,NULL),
	(155,NULL,NULL,'',NULL,'',NULL,NULL,NULL,NULL,NULL,NULL,NULL),
	(156,NULL,NULL,'',NULL,'',NULL,NULL,NULL,NULL,NULL,NULL,NULL),
	(157,NULL,NULL,'',NULL,'',NULL,NULL,NULL,NULL,NULL,NULL,NULL),
	(158,NULL,NULL,'',NULL,'',NULL,NULL,NULL,NULL,NULL,NULL,NULL),
	(159,NULL,NULL,'',NULL,'',NULL,NULL,NULL,NULL,NULL,NULL,NULL),
	(160,NULL,NULL,'',NULL,'',NULL,NULL,NULL,NULL,NULL,NULL,NULL),
	(161,NULL,NULL,'',NULL,'',NULL,NULL,NULL,NULL,NULL,NULL,NULL),
	(162,7,71,'Hmm.',1003,'',NULL,NULL,NULL,NULL,NULL,NULL,NULL),
	(163,7,71,'#MMM02#',1172,'',NULL,NULL,NULL,NULL,NULL,NULL,NULL),
	(164,NULL,NULL,'',1286,'',NULL,NULL,NULL,NULL,NULL,NULL,NULL),
	(165,7,72,'Oh.',1092,'',NULL,NULL,NULL,NULL,NULL,NULL,NULL),
	(166,7,73,'Oh nein!',1469,'',NULL,NULL,NULL,NULL,NULL,NULL,NULL),
	(167,7,74,'Hmm.',1013,'',NULL,NULL,NULL,NULL,NULL,NULL,NULL),
	(168,NULL,NULL,'',NULL,'',NULL,NULL,NULL,NULL,NULL,NULL,NULL),
	(169,7,75,'Oh!',1483,'',NULL,NULL,NULL,NULL,NULL,NULL,NULL),
	(204,7,76,'#LAUGH02# Das fühlt sich schön an.',2926,'',NULL,NULL,NULL,NULL,NULL,NULL,NULL),
	(205,7,76,'#LAUGH02# Ich freue mich!',2608,'',NULL,NULL,NULL,NULL,NULL,NULL,NULL),
	(206,7,76,'#LAUGH02# Okay!',2454,'',NULL,NULL,NULL,NULL,NULL,NULL,NULL),
	(207,7,77,'Oh nein!',1469,'',NULL,NULL,NULL,NULL,NULL,NULL,NULL),
	(208,7,77,'#MMM03#',1286,'',NULL,NULL,NULL,NULL,NULL,NULL,NULL),
	(209,7,78,'Oh. Okay.',2064,'',NULL,NULL,NULL,NULL,NULL,NULL,NULL),
	(210,NULL,NULL,'',NULL,'',NULL,NULL,NULL,NULL,NULL,NULL,NULL),
	(212,7,79,'Okay.',1103,'',NULL,NULL,NULL,NULL,NULL,NULL,NULL),
	(213,7,79,'Ah!',1354,'',NULL,NULL,NULL,NULL,NULL,NULL,NULL),
	(215,NULL,NULL,'',NULL,'',NULL,NULL,NULL,NULL,NULL,NULL,NULL),
	(216,NULL,NULL,'',NULL,'',NULL,NULL,NULL,NULL,NULL,NULL,NULL),
	(217,7,80,'#LAUGH02# Okay!',2460,'',NULL,NULL,NULL,NULL,NULL,NULL,NULL),
	(218,NULL,NULL,'',NULL,'',NULL,NULL,NULL,NULL,NULL,NULL,NULL),
	(219,NULL,NULL,'',NULL,'',NULL,NULL,NULL,NULL,NULL,NULL,NULL),
	(220,NULL,NULL,'',NULL,'',NULL,NULL,NULL,NULL,NULL,NULL,NULL),
	(221,7,82,'Oje!',1449,'',NULL,NULL,NULL,NULL,NULL,NULL,NULL),
	(222,7,82,'Ah!',1354,'',NULL,NULL,NULL,NULL,NULL,NULL,NULL),
	(223,7,83,'Oh, da bist du ja wieder!',2300,'',NULL,NULL,NULL,NULL,NULL,NULL,NULL),
	(224,NULL,NULL,'',NULL,'',NULL,NULL,NULL,NULL,NULL,NULL,NULL),
	(225,NULL,NULL,'',NULL,'',NULL,NULL,NULL,NULL,NULL,NULL,NULL),
	(226,NULL,NULL,'',NULL,'',NULL,NULL,NULL,NULL,NULL,NULL,NULL);

/*!40000 ALTER TABLE `general_phrases` ENABLE KEYS */;
UNLOCK TABLES;


# Export von Tabelle response_phrases
# ------------------------------------------------------------

DROP TABLE IF EXISTS `response_phrases`;

CREATE TABLE `response_phrases` (
  `id` int(11) unsigned NOT NULL AUTO_INCREMENT,
  `meaning_id` int(11) DEFAULT NULL,
  `content` varchar(200) DEFAULT NULL,
  PRIMARY KEY (`id`)
) ENGINE=MyISAM DEFAULT CHARSET=latin1;

LOCK TABLES `response_phrases` WRITE;
/*!40000 ALTER TABLE `response_phrases` DISABLE KEYS */;

INSERT INTO `response_phrases` (`id`, `meaning_id`, `content`)
VALUES
	(1,100,'ab und an'),
	(2,100,'ab und zu'),
	(3,100,'aber natürlich'),
	(4,100,'auf jeden Fall'),
	(5,100,'dann ja'),
	(6,100,'dann natürlich'),
	(7,100,'das kann sein'),
	(8,100,'eher ja'),
	(9,100,'genau'),
	(10,100,'gerne'),
	(11,100,'ich denke ja'),
	(12,100,'ich denke schon'),
	(13,100,'ich glaube schon'),
	(14,100,'ich hoffe doch'),
	(15,100,'ich würde schon sagen'),
	(16,100,'ja'),
	(17,100,'ja gerne doch'),
	(18,100,'ja ich hoffe'),
	(19,100,'ja ja'),
	(20,100,'ja na klar'),
	(21,100,'ja natürlich'),
	(22,100,'ja schon'),
	(23,100,'ja schon manchmal'),
	(24,100,'ja sehr gerne'),
	(25,100,'ja sicher'),
	(26,100,'jo'),
	(27,100,'kann sein'),
	(28,100,'klar'),
	(29,100,'klar warum nicht'),
	(30,100,'klaro'),
	(31,100,'könnte sein'),
	(32,100,'manchmal'),
	(33,100,'meistens'),
	(34,100,'na gut'),
	(35,100,'na klar'),
	(36,100,'na klaro'),
	(37,100,'na logisch'),
	(38,100,'na logo'),
	(39,100,'na sicher'),
	(40,100,'natürlich'),
	(41,100,'natürlich klar'),
	(42,100,'richtig'),
	(43,100,'schieß los'),
	(44,100,'schon ja'),
	(45,100,'sehr'),
	(46,100,'sehr gern'),
	(47,100,'sehr gerne'),
	(48,100,'sicher'),
	(49,100,'stimmt'),
	(50,100,'theoretisch schon'),
	(51,100,'unbedingt'),
	(52,100,'yes'),
	(53,101,'also das würde wirklich keiner sagen also nein'),
	(54,101,'auf gar keinen Fall'),
	(55,101,'dann nein'),
	(56,101,'das darf man nicht'),
	(57,101,'das kann man nicht so sagen'),
	(58,101,'eher nein'),
	(59,101,'eher nicht'),
	(60,101,'eigentlich nicht'),
	(61,101,'ich denke nicht'),
	(62,101,'ich glaube nicht'),
	(63,101,'leider nicht'),
	(64,101,'na ja wenn man so sieht dann nicht'),
	(65,101,'natürlich nicht'),
	(66,101,'nee'),
	(67,101,'nein'),
	(68,101,'nein darf man nicht'),
	(69,101,'nein natürlich nicht'),
	(70,101,'nein nein'),
	(71,101,'nicht'),
	(72,101,'nicht unbedingt'),
	(73,101,'nicht zwingend nein'),
	(74,101,'nö'),
	(75,101,'no ways'),
	(76,101,'würde ich nicht sagen'),
	(77,102,'das kann man nicht wissen'),
	(78,102,'das kommt drauf an'),
	(79,102,'das weiß ich nicht'),
	(80,102,'es kommt auf die Sicht an'),
	(81,102,'ich bin mir nicht sicher'),
	(82,102,'ich weiß es nicht'),
	(83,102,'ich weiß nicht'),
	(84,102,'irgendwas dazwischen'),
	(85,102,'ja ich bin mir nicht so sicher'),
	(86,102,'ja vielleicht'),
	(87,102,'kann man nicht sagen'),
	(88,102,'keine Ahnung'),
	(89,102,'möglicherweise'),
	(90,102,'vielleicht'),
	(91,103,'Entschuldigung was hast du gesagt'),
	(92,103,'habe ich nicht verstanden'),
	(93,103,'ich habe die Frage nicht verstanden'),
	(94,103,'noch mal'),
	(95,103,'warte mal kurz'),
	(96,103,'wie bitte'),
	(97,103,'bitte'),
	(98,103,'Entschuldigung'),
	(99,102,'eventuell'),
	(100,102,'gegebenfalls'),
	(101,103,'ich habe das nicht verstanden'),
	(102,103,'ich verstehe das nicht'),
	(103,102,'je nachdem'),
	(104,103,'kannst du das nochmal sagen'),
	(105,103,'kannst du das wiederholen bitte'),
	(106,103,'kannst du die Frage wiederholen '),
	(107,102,'kommt drauf an'),
	(108,102,'nehme ich an'),
	(109,103,'noch mal bitte'),
	(110,103,'sorry'),
	(111,102,'unter Umstände'),
	(112,102,'vermutlich'),
	(113,100,'ja eher schon'),
	(155,NULL,'da muss noch unbedingt irgendwas mit Ryan dass sie quasi machen als bisschen Wein'),
	(154,NULL,'bald beinahe'),
	(153,NULL,'unpassend einfach ja'),
	(152,NULL,'das ist auf die Beleidigung ankommt'),
	(151,NULL,'dass man es nicht sagen kann'),
	(150,NULL,'pilot'),
	(149,NULL,'cornelius'),
	(148,NULL,'ich bin cornelius'),
	(147,NULL,'ich heiße Marvin'),
	(144,100,'ja gerne'),
	(146,NULL,'Hallo'),
	(156,NULL,'Feuerwehrmann'),
	(157,NULL,'dass manche Löwen stärker sind als mathetiger'),
	(158,NULL,'warum kommt einer'),
	(159,NULL,'ich bin David'),
	(160,NULL,'manchmal manchmal'),
	(161,NULL,'na ja ab und an'),
	(162,NULL,'Astronaut'),
	(163,NULL,'na ja'),
	(164,NULL,'ich bin Jakob'),
	(165,NULL,'das ist für manche Jungs okay ist'),
	(166,101,'niemals'),
	(167,NULL,'Astronauten'),
	(168,NULL,'auch nicht'),
	(169,NULL,'dass ich mich wieder jung noch alt fühle'),
	(170,NULL,'es kommt drauf an ob Du ein Mensch bist'),
	(171,NULL,'wenn Sie wollen'),
	(172,NULL,'na dass ich Mädchen eben küssen dürfen wenn sie das wollen'),
	(173,NULL,'dass ich dich mag'),
	(174,NULL,'ja hallo'),
	(175,NULL,'ich bin Dorian'),
	(176,NULL,'kommt drauf an kann ich gar nicht so beantworten'),
	(177,NULL,'Es gibt Tage an denen fühle ich mich so und es gibt Tage an denen fühle ich mich alt'),
	(178,NULL,'solange sich anfühlt'),
	(179,NULL,'wenn es gut läuft'),
	(180,NULL,'na das wenn es gut läuft dann küssen sie sich'),
	(181,NULL,'es kommt auf die Person an mit der man ist'),
	(182,NULL,'ist da jemand'),
	(183,NULL,'Hey'),
	(184,NULL,'hallo ist da jemand'),
	(185,NULL,'kommt drauf an ob ich Lust drauf habe'),
	(186,NULL,'Fabian'),
	(187,NULL,'bis 30'),
	(188,NULL,'auftrag.at'),
	(189,NULL,'ich heiße Basti'),
	(190,NULL,'ich kann die Frage nicht beantworten'),
	(191,NULL,'Feuerwehr'),
	(192,NULL,'solange du möchtest'),
	(193,NULL,'wir kennen uns nicht'),
	(194,NULL,'ich habe dich doch nicht gesehen'),
	(195,NULL,'hey du kannst mit mir reden'),
	(196,NULL,'Moritz'),
	(197,NULL,'Müllmann'),
	(198,NULL,'er trifft sich wir verbringen Zeit miteinander'),
	(199,NULL,'Familie'),
	(200,NULL,'hängt davon ab'),
	(201,NULL,'ich habe nichts gesagt'),
	(202,NULL,'ey du kannst mit mir reden'),
	(203,NULL,'was hast du gesagt'),
	(204,NULL,'mega primitive Sprache'),
	(205,NULL,'30 Jahren treffen'),
	(206,NULL,'lange'),
	(207,NULL,'ausgehen Spaß haben sich zu hören füreinanderdasein ja'),
	(208,NULL,'ich heiße Toni'),
	(209,NULL,'for me'),
	(210,NULL,'hast du da'),
	(211,NULL,'es geht um Gold an sich geht um die Auswertung von Daten im Internet'),
	(212,NULL,'Hess Alexander'),
	(213,NULL,'Bing'),
	(214,NULL,'weiß nicht'),
	(215,NULL,'mal so mal so'),
	(216,NULL,'solange man lachen kann'),
	(217,NULL,'du Lea ja'),
	(218,NULL,'wird recycelt'),
	(219,NULL,'ich heiße Ben'),
	(220,NULL,'can you speak English too'),
	(221,NULL,'kannst du Englisch sprechen'),
	(222,NULL,'das ist okay'),
	(223,NULL,'wie ist das Wetter heute'),
	(224,NULL,'Fußballer'),
	(225,NULL,'sag mal bist du mir das'),
	(226,NULL,'wie alt bist du'),
	(227,NULL,'wie heißt du'),
	(228,NULL,'wie geht es dir'),
	(229,NULL,'danke dir'),
	(230,NULL,'Gitter'),
	(231,NULL,'was soll ich denn sagen'),
	(232,NULL,'ich schweige'),
	(233,NULL,'nicht ich schweige'),
	(234,NULL,'Informatiker'),
	(235,NULL,'bestimmt'),
	(236,NULL,'ich glaube das ganz normal'),
	(237,NULL,'weiß ich nicht'),
	(238,NULL,'ich mag kein Fußball'),
	(239,NULL,'nicht immer'),
	(240,NULL,'nicht alle sind beleidigt'),
	(241,NULL,'solange man sich jung fühlt'),
	(242,NULL,'Sachen die Spaß machen'),
	(243,NULL,'okay'),
	(244,NULL,'Miriam'),
	(245,NULL,'ich heiße Miriam'),
	(246,NULL,'Designer'),
	(247,NULL,'Ofterdingen Zeit hat'),
	(248,NULL,'möchte ich mich auch nicht alleine und der kalten tschüss'),
	(249,NULL,'Rebecca'),
	(250,NULL,'solange man sich so fühlt'),
	(251,NULL,'man kann auch Freunde sein'),
	(252,NULL,'hast du gesagt nein'),
	(253,NULL,'hast du gesagt ja'),
	(254,NULL,'hallo ist da wer ja'),
	(255,NULL,'Juristen'),
	(256,NULL,'das ganze Leben lang'),
	(257,NULL,'einige Menschen sind dann beleidigt'),
	(258,NULL,'du nicht'),
	(259,NULL,'du bist eine künstliche Intelligenz'),
	(260,NULL,'hey hey na'),
	(261,NULL,'Markus und du'),
	(262,NULL,'ja das ist okay'),
	(263,NULL,'hier hat er klar'),
	(264,NULL,'ja das ist normal'),
	(265,NULL,'nein ich denke nicht'),
	(266,NULL,'ja ich glaube schon'),
	(267,NULL,'ja bist du'),
	(268,NULL,'kommt drauf an wie ein programmiertes'),
	(269,NULL,'ja sehr jung'),
	(270,NULL,'bis man alt ist'),
	(271,NULL,'scheiß Lea'),
	(272,NULL,'welche Thema'),
	(273,NULL,'nur manchmal'),
	(274,NULL,'vielleicht vielleicht'),
	(275,NULL,'Spaß haben'),
	(276,NULL,'mehr'),
	(277,NULL,'was heißt das ist in Ordnung'),
	(278,NULL,'Bäuerin'),
	(279,NULL,'bis man sich nicht mehr jung fühlt bis man sich nicht mehr jung fühlt'),
	(280,NULL,'im Normalfall nicht'),
	(281,NULL,'manchmal darf man'),
	(282,NULL,'kommt auf die Beleidigung an'),
	(283,NULL,'tschüss'),
	(284,NULL,'hatte rot'),
	(285,NULL,'möchte ich mich auch nicht alleine unterhalten tschüss'),
	(286,NULL,'hallo ist da wer'),
	(287,NULL,'aha'),
	(288,NULL,'Judith'),
	(289,NULL,'vielleicht ich weiß es nicht'),
	(290,NULL,'na ja ich weiß nicht welches Tier stärker ist'),
	(291,NULL,'was meinst du'),
	(292,NULL,'ich habe dich auch nicht verstanden'),
	(293,NULL,'eigentlich mich'),
	(294,NULL,'na ja es ist eigentlich nicht erlaubt aber man macht es halt trotzdem'),
	(295,NULL,'ja natürlich wenn du stirbst dann bist Du tot'),
	(296,NULL,'wenn man stirbt dann ist man tot ist doch logisch'),
	(297,NULL,'mehr nicht so einfach nicht so wie ein Mensch aber er lebt halt auf seine Art'),
	(298,NULL,'nein eigentlich nicht'),
	(299,NULL,'ach ja'),
	(300,NULL,'plea'),
	(301,NULL,'Lea'),
	(302,NULL,'Habakuk'),
	(303,NULL,'hast du ja'),
	(304,NULL,'mein Name ist Habakuk'),
	(305,NULL,'ich heiße Habakuk'),
	(306,NULL,'doch'),
	(307,NULL,'Flugzeuge stoßen zusammen'),
	(308,NULL,'man verbringt Zeit zusammen'),
	(309,NULL,'Heiko'),
	(310,NULL,'jo auf dem Wege'),
	(311,NULL,'und du setzt mich auf das Kissen gehen'),
	(312,NULL,'Jürgen'),
	(313,NULL,'mein Name'),
	(314,NULL,'es ist okay'),
	(315,NULL,'eigentlich habe ich jetzt gar nichts gesagt weil ich auf eine Frage geantwortet habe'),
	(316,NULL,'was denn'),
	(317,NULL,'du hast gefragt ist das okay aber ich weiß nicht was du damit meinst'),
	(318,NULL,'nachts ja'),
	(319,NULL,'wenn keine Auto da ist nachts kann man auch bei Rot über die Straße gehen erlaubt ist das aber nicht'),
	(320,NULL,'was hast du gesagt offiziell darf man bei Rot nicht über die Straße gehen aber nachts wenn kein Auto kommt kann man da wo ich rüber gehen'),
	(321,NULL,'was hast du gesagt nicht bei Rot über die Straße zu gehen'),
	(322,NULL,'da kann man nur noch beten'),
	(323,NULL,'eigentlich nie'),
	(324,NULL,'manchmal ja'),
	(325,NULL,'nein du kannst mich auch gar nicht beleidigen'),
	(326,NULL,'nein du kannst mich auch nicht beleidigen'),
	(327,NULL,'manchmal mag es manchen Leuten gut tun wenn sie in den Arm genommen werden'),
	(328,NULL,'hallo hier ist Olivia'),
	(329,NULL,'Olivia'),
	(330,NULL,'Postbote'),
	(331,NULL,'Martin'),
	(332,NULL,'Fallschirmspringen'),
	(333,NULL,'er'),
	(334,NULL,'das heißt dass ich ganz viele vermissen werde'),
	(335,NULL,'je nachdem wie viel man denkt dass man jung ist'),
	(336,NULL,'und dann Spaß miteinander'),
	(337,NULL,'warum nicht'),
	(338,NULL,'dass ich was anhaben'),
	(339,NULL,'Meike wie heißt du'),
	(340,NULL,'dass das okay ist'),
	(341,NULL,'oh ja viel zu viel'),
	(342,NULL,'ich sollte nicht so viele Süßigkeiten essen'),
	(343,NULL,'ich glaube schon bestimmt'),
	(344,NULL,'ich glaube schon dass die Hupen können wenn man dass man könnte das machen dass die Hupen'),
	(345,NULL,'doch die doofen zusammen'),
	(346,NULL,'das ist eine gute Frage'),
	(347,NULL,'nicht so wie der Mensch nein'),
	(348,NULL,'ja ich fühle mich jung'),
	(349,NULL,'wenn man will Ewigkeiten'),
	(350,NULL,'ich möchte mal'),
	(351,NULL,'Hey hallo'),
	(352,NULL,'ich heiße Carolina'),
	(353,NULL,'die Maus'),
	(354,NULL,'wie lange ist man junger Reitzig'),
	(355,NULL,'ja Fehler'),
	(356,NULL,'meine Freunde heißt Jessica'),
	(357,NULL,'was sagst du'),
	(358,NULL,'Johanna'),
	(359,NULL,'yoorana'),
	(360,NULL,'nichts'),
	(361,NULL,'Schauspielerin'),
	(362,NULL,'weiß ich nicht wahrscheinlich'),
	(363,NULL,'höchstwahrscheinlich sind Löwen stärker als Tiger'),
	(364,NULL,'kommt drauf an wie man es definiert'),
	(365,NULL,'wenn man leben und sterben dazu sagt dann dann ist das so'),
	(366,NULL,'das 28'),
	(367,NULL,'ja sind sie'),
	(368,NULL,'ich finde es nicht so gut'),
	(369,NULL,'Hallo ich bin hier'),
	(370,NULL,'ich heiße sweater'),
	(371,NULL,'nichts besonderes'),
	(372,NULL,'ich wollte Doktor sein'),
	(373,NULL,'danke ist ja alles vorbildlich'),
	(374,NULL,'Fritz'),
	(375,NULL,'bitte kurz Moment davon dass es losgeht'),
	(376,NULL,'wandern und das wenn ich fertig bin'),
	(377,NULL,'was willst Du fragen'),
	(378,NULL,'soll ich mit dir reden'),
	(379,NULL,'Vivien heiße ich'),
	(380,NULL,'wie alt bist du Lea'),
	(381,NULL,'was bist du'),
	(382,NULL,'Wer bist du'),
	(383,NULL,'manchmal nicht'),
	(384,NULL,'junge'),
	(385,NULL,'Mai'),
	(386,NULL,'Yuan'),
	(387,NULL,'ich vergessen'),
	(388,NULL,'ein Schriftsteller'),
	(389,NULL,'ja wieso nicht'),
	(390,NULL,'keiner'),
	(391,NULL,'das ist'),
	(392,NULL,'ich glaube ja'),
	(393,NULL,'wenn Leute wird dann ich kann dann finde ich das kann'),
	(394,NULL,'nicht so ich kann nicht aber ich finde das kann'),
	(395,NULL,'Nelly'),
	(396,NULL,'appenzell'),
	(397,NULL,'Fragezeichen Liste'),
	(398,NULL,'Balkon'),
	(399,NULL,'dass es okay ist dass sie mit Puppen spielen'),
	(400,NULL,'gar keinen Fall'),
	(401,NULL,'ich mag nicht wenn Mädchen Fußball spielen'),
	(402,NULL,'bin mir nicht sicher'),
	(403,NULL,'wahrscheinlich'),
	(404,NULL,'ich meine das ist rauskommt');

/*!40000 ALTER TABLE `response_phrases` ENABLE KEYS */;
UNLOCK TABLES;


# Export von Tabelle responses
# ------------------------------------------------------------

DROP TABLE IF EXISTS `responses`;

CREATE TABLE `responses` (
  `id` int(11) unsigned NOT NULL AUTO_INCREMENT,
  `time` timestamp NULL DEFAULT CURRENT_TIMESTAMP,
  `session_id` int(11) DEFAULT NULL,
  `phrase_id` int(11) DEFAULT NULL,
  `response_phrase_id` int(11) DEFAULT NULL,
  PRIMARY KEY (`id`)
) ENGINE=MyISAM DEFAULT CHARSET=latin1;

LOCK TABLES `responses` WRITE;
/*!40000 ALTER TABLE `responses` DISABLE KEYS */;

INSERT INTO `responses` (`id`, `time`, `session_id`, `phrase_id`, `response_phrase_id`)
VALUES
	(1,'2017-07-28 16:04:52',0,150,182),
	(2,'2017-07-28 16:07:12',0,151,183),
	(3,'2017-07-28 16:09:33',0,127,184),
	(4,'2017-07-28 16:16:47',0,150,182),
	(5,'2017-07-28 16:17:51',0,151,146),
	(6,'2017-07-28 16:17:56',14,142,148),
	(7,'2017-07-28 16:18:08',14,143,16),
	(8,'2017-07-28 16:18:19',14,146,16),
	(9,'2017-07-28 16:18:28',14,29,150),
	(10,'2017-07-28 16:18:34',14,99,67),
	(11,'2017-07-28 16:18:43',14,74,107),
	(12,'2017-07-28 16:18:49',14,74,185),
	(13,'2017-07-28 16:19:03',14,30,16),
	(14,'2017-07-28 16:20:41',0,127,146),
	(15,'2017-07-28 16:20:45',15,142,186),
	(16,'2017-07-28 16:20:58',15,143,16),
	(17,'2017-07-28 16:21:10',15,146,16),
	(18,'2017-07-28 16:21:27',15,30,67),
	(19,'2017-07-28 16:21:35',15,74,16),
	(20,'2017-07-28 16:21:45',15,99,16),
	(21,'2017-07-28 16:21:54',15,90,16),
	(22,'2017-07-28 16:22:06',15,3,16),
	(23,'2017-07-28 16:22:15',15,79,16),
	(24,'2017-07-28 16:22:24',15,54,16),
	(25,'2017-07-28 16:22:32',15,53,187),
	(26,'2017-07-28 16:22:41',15,2,70),
	(27,'2017-07-28 16:22:51',15,86,67),
	(28,'2017-07-28 16:22:58',15,87,16),
	(29,'2017-07-28 16:25:41',0,151,188),
	(30,'2017-07-28 16:25:47',16,142,189),
	(31,'2017-07-28 16:26:00',16,143,16),
	(32,'2017-07-28 16:26:11',16,146,16),
	(33,'2017-07-28 16:26:21',16,66,16),
	(34,'2017-07-28 16:26:27',16,6,16),
	(35,'2017-07-28 16:26:36',16,99,79),
	(36,'2017-07-28 16:26:45',16,99,190),
	(37,'2017-07-28 16:26:53',16,29,191),
	(38,'2017-07-28 16:27:00',16,74,16),
	(39,'2017-07-28 16:27:07',16,79,16),
	(40,'2017-07-28 16:27:19',16,22,16),
	(41,'2017-07-28 16:27:25',16,23,16),
	(42,'2017-07-28 16:27:31',16,54,16),
	(43,'2017-07-28 16:27:36',16,53,192),
	(44,'2017-07-28 16:27:43',16,2,67),
	(45,'2017-07-28 16:27:52',16,69,193),
	(46,'2017-07-28 16:27:58',16,69,194),
	(47,'2017-07-28 16:28:05',16,38,47),
	(48,'2017-07-28 16:30:02',0,127,184),
	(49,'2017-07-28 16:32:23',0,133,195),
	(50,'2017-07-28 16:36:24',0,150,182),
	(51,'2017-07-28 16:36:45',19,100,196),
	(52,'2017-07-28 16:36:50',19,142,196),
	(53,'2017-07-28 16:36:58',19,143,16),
	(54,'2017-07-28 16:37:09',19,146,16),
	(55,'2017-07-28 16:37:25',19,30,67),
	(56,'2017-07-28 16:37:32',19,66,16),
	(57,'2017-07-28 16:37:38',19,6,67),
	(58,'2017-07-28 16:37:44',19,90,67),
	(59,'2017-07-28 16:37:51',19,29,197),
	(60,'2017-07-28 16:37:58',19,22,16),
	(61,'2017-07-28 16:38:04',19,23,16),
	(62,'2017-07-28 16:38:09',19,79,67),
	(63,'2017-07-28 16:38:18',19,2,67),
	(64,'2017-07-28 16:38:30',19,3,16),
	(65,'2017-07-28 16:38:38',19,37,16),
	(66,'2017-07-28 16:38:47',19,35,198),
	(67,'2017-07-28 16:38:52',19,38,16),
	(68,'2017-07-28 16:40:14',0,151,16),
	(69,'2017-07-28 16:40:23',20,142,198),
	(70,'2017-07-28 16:40:34',20,143,67),
	(71,'2017-07-28 16:40:52',20,146,16),
	(72,'2017-07-28 16:41:10',20,66,67),
	(73,'2017-07-28 16:41:19',20,64,199),
	(74,'2017-07-28 16:41:27',20,90,67),
	(75,'2017-07-28 16:41:38',20,29,156),
	(76,'2017-07-28 16:41:45',20,99,67),
	(77,'2017-07-28 16:42:04',20,3,200),
	(78,'2017-07-28 16:42:27',20,100,201),
	(79,'2017-07-28 16:42:41',20,100,202),
	(80,'2017-07-28 16:42:54',20,3,203),
	(81,'2017-07-28 16:43:07',20,54,204),
	(82,'2017-07-28 16:43:14',20,54,205),
	(83,'2017-07-28 16:43:18',20,53,206),
	(84,'2017-07-28 16:43:29',20,22,97),
	(85,'2017-07-28 16:44:12',20,101,146),
	(86,'2017-07-28 16:44:19',20,22,16),
	(87,'2017-07-28 16:44:25',20,23,16),
	(88,'2017-07-28 16:44:31',20,8,67),
	(89,'2017-07-28 16:44:38',20,10,16),
	(90,'2017-07-28 16:44:46',20,37,16),
	(91,'2017-07-28 16:45:02',20,35,207),
	(92,'2017-07-28 16:45:13',20,38,16),
	(93,'2017-07-28 16:49:05',0,133,146),
	(94,'2017-07-28 16:49:27',21,100,208),
	(95,'2017-07-28 16:49:31',21,142,209),
	(96,'2017-07-28 16:49:56',21,100,67),
	(97,'2017-07-28 16:50:39',21,101,16),
	(98,'2017-07-28 16:51:09',21,100,16),
	(99,'2017-07-28 16:51:38',21,100,210),
	(100,'2017-07-28 16:51:57',21,100,211),
	(101,'2017-07-28 16:53:39',0,132,174),
	(102,'2017-07-28 16:53:44',22,142,212),
	(103,'2017-07-28 16:54:01',22,143,67),
	(104,'2017-07-28 16:54:13',22,146,16),
	(105,'2017-07-28 16:54:23',22,90,67),
	(106,'2017-07-28 16:54:29',22,108,67),
	(107,'2017-07-28 16:54:41',22,107,213),
	(108,'2017-07-28 16:54:50',22,99,16),
	(109,'2017-07-28 16:55:03',22,65,16),
	(110,'2017-07-28 16:55:13',22,54,214),
	(111,'2017-07-28 16:55:20',22,54,215),
	(112,'2017-07-28 16:55:27',22,53,216),
	(113,'2017-07-28 16:55:35',22,8,217),
	(114,'2017-07-28 16:55:45',22,8,218),
	(115,'2017-07-28 16:55:59',22,9,16),
	(116,'2017-07-28 16:56:08',22,79,16),
	(117,'2017-07-28 16:56:21',22,3,16),
	(118,'2017-07-28 16:56:31',22,69,16),
	(119,'2017-07-28 16:56:44',22,38,16),
	(120,'2017-07-28 17:01:16',0,150,182),
	(121,'2017-07-28 17:01:55',23,101,218),
	(122,'2017-07-28 17:02:00',23,142,219),
	(123,'2017-07-28 17:02:16',23,143,220),
	(124,'2017-07-28 17:02:23',23,143,221),
	(125,'2017-07-28 17:02:35',23,146,222),
	(126,'2017-07-28 17:02:42',23,146,223),
	(127,'2017-07-28 17:02:51',23,29,224),
	(128,'2017-07-28 17:03:06',23,30,225),
	(129,'2017-07-28 17:03:15',23,99,67),
	(130,'2017-07-28 17:03:23',23,108,16),
	(131,'2017-07-28 17:03:30',23,106,226),
	(132,'2017-07-28 17:03:35',23,106,227),
	(133,'2017-07-28 17:03:42',23,2,67),
	(134,'2017-07-28 17:03:53',23,8,67),
	(135,'2017-07-28 17:04:00',23,10,16),
	(136,'2017-07-28 17:04:09',23,54,228),
	(137,'2017-07-28 17:04:15',23,53,229),
	(138,'2017-07-28 17:07:20',0,151,183),
	(139,'2017-07-28 17:07:24',24,142,230),
	(140,'2017-07-28 17:07:51',24,100,231),
	(141,'2017-07-28 17:08:18',24,100,232),
	(142,'2017-07-28 17:08:45',24,100,233),
	(143,'2017-07-28 17:11:23',0,151,146),
	(144,'2017-07-28 17:11:30',25,127,184),
	(145,'2017-07-28 17:11:38',25,29,234),
	(146,'2017-07-28 17:11:45',25,74,67),
	(147,'2017-07-28 17:11:53',25,66,235),
	(148,'2017-07-28 17:11:58',25,66,236),
	(149,'2017-07-28 17:12:04',25,6,237),
	(150,'2017-07-28 17:12:09',25,6,238),
	(151,'2017-07-28 17:12:23',25,30,67),
	(152,'2017-07-28 17:12:34',25,3,239),
	(153,'2017-07-28 17:12:39',25,3,240),
	(154,'2017-07-28 17:12:50',25,22,239),
	(155,'2017-07-28 17:12:54',25,23,40),
	(156,'2017-07-28 17:13:03',25,2,67),
	(157,'2017-07-28 17:13:11',25,54,16),
	(158,'2017-07-28 17:13:16',25,53,241),
	(159,'2017-07-28 17:13:22',25,37,40),
	(160,'2017-07-28 17:13:30',25,35,242),
	(161,'2017-07-28 17:13:36',25,38,243),
	(162,'2017-07-28 17:14:53',0,133,146),
	(163,'2017-07-28 17:15:13',26,100,244),
	(164,'2017-07-28 17:15:34',26,100,245),
	(165,'2017-07-28 17:15:56',26,100,245),
	(166,'2017-07-28 17:16:00',26,142,244),
	(167,'2017-07-28 17:16:11',26,143,16),
	(168,'2017-07-28 17:16:22',26,146,16),
	(169,'2017-07-28 17:16:31',26,74,16),
	(170,'2017-07-28 17:16:39',26,29,246),
	(171,'2017-07-28 17:16:45',26,66,16),
	(172,'2017-07-28 17:16:56',26,6,67),
	(173,'2017-07-28 17:17:02',26,90,16),
	(174,'2017-07-28 17:17:12',26,22,16),
	(175,'2017-07-28 17:17:34',26,100,16),
	(176,'2017-07-28 17:17:45',26,23,16),
	(177,'2017-07-28 17:17:50',26,54,16),
	(178,'2017-07-28 17:17:55',26,53,206),
	(179,'2017-07-28 17:18:02',26,2,67),
	(180,'2017-07-28 17:18:11',26,8,16),
	(181,'2017-07-28 17:18:18',26,9,16),
	(182,'2017-07-28 17:18:27',26,69,16),
	(183,'2017-07-28 17:18:34',26,38,16),
	(184,'2017-07-28 17:22:25',0,151,183),
	(185,'2017-07-28 17:23:12',27,102,247),
	(186,'2017-07-28 17:23:18',27,142,248),
	(187,'2017-07-28 17:31:32',0,132,146),
	(188,'2017-07-28 17:31:36',28,142,249),
	(189,'2017-07-28 17:31:44',28,143,16),
	(190,'2017-07-28 17:31:55',28,146,16),
	(191,'2017-07-28 17:32:05',28,99,67),
	(192,'2017-07-28 17:32:12',28,66,16),
	(193,'2017-07-28 17:32:20',28,6,16),
	(194,'2017-07-28 17:32:29',28,74,16),
	(195,'2017-07-28 17:32:37',28,108,16),
	(196,'2017-07-28 17:32:45',28,106,67),
	(197,'2017-07-28 17:32:51',28,54,16),
	(198,'2017-07-28 17:32:57',28,53,250),
	(199,'2017-07-28 17:33:08',28,79,16),
	(200,'2017-07-28 17:33:20',28,22,239),
	(201,'2017-07-28 17:33:30',28,22,251),
	(202,'2017-07-28 17:33:36',28,23,16),
	(203,'2017-07-28 17:33:42',28,2,67),
	(204,'2017-07-28 17:33:50',28,69,16),
	(205,'2017-07-28 17:34:01',28,38,16),
	(206,'2017-07-28 17:35:39',0,133,195),
	(207,'2017-07-28 17:35:50',29,142,146),
	(208,'2017-07-28 17:36:03',29,143,67),
	(209,'2017-07-28 17:36:19',29,146,16),
	(210,'2017-07-28 17:36:29',29,66,96),
	(211,'2017-07-28 17:36:37',29,66,16),
	(212,'2017-07-28 17:36:45',29,6,67),
	(213,'2017-07-28 17:36:51',29,74,16),
	(214,'2017-07-28 17:36:58',29,99,67),
	(215,'2017-07-28 17:37:14',29,29,246),
	(216,'2017-07-28 17:37:30',29,100,70),
	(217,'2017-07-28 17:37:47',29,100,252),
	(218,'2017-07-28 17:38:04',29,100,252),
	(219,'2017-07-28 17:38:13',29,2,253),
	(220,'2017-07-28 17:38:17',29,2,67),
	(221,'2017-07-28 17:38:35',29,100,16),
	(222,'2017-07-28 17:39:22',29,101,16),
	(223,'2017-07-28 17:39:25',29,54,16),
	(224,'2017-07-28 17:39:32',29,53,241),
	(225,'2017-07-28 17:39:41',29,22,72),
	(226,'2017-07-28 17:39:46',29,25,67),
	(227,'2017-07-28 17:39:57',29,3,16),
	(228,'2017-07-28 17:40:07',29,86,74),
	(229,'2017-07-28 17:40:15',29,87,72),
	(230,'2017-07-28 17:42:29',0,132,254),
	(231,'2017-07-28 17:42:33',30,142,230),
	(232,'2017-07-28 17:42:59',30,100,16),
	(233,'2017-07-28 17:43:07',30,143,16),
	(234,'2017-07-28 17:43:19',30,146,16),
	(235,'2017-07-28 17:43:28',30,90,67),
	(236,'2017-07-28 17:43:38',30,29,255),
	(237,'2017-07-28 17:43:47',30,66,16),
	(238,'2017-07-28 17:43:53',30,6,67),
	(239,'2017-07-28 17:44:00',30,65,16),
	(240,'2017-07-28 17:44:07',30,22,16),
	(241,'2017-07-28 17:44:30',30,100,16),
	(242,'2017-07-28 17:44:34',30,23,16),
	(243,'2017-07-28 17:44:39',30,54,16),
	(244,'2017-07-28 17:44:47',30,53,256),
	(245,'2017-07-28 17:44:58',30,3,257),
	(246,'2017-07-28 17:45:07',30,3,240),
	(247,'2017-07-28 17:45:17',30,8,258),
	(248,'2017-07-28 17:45:25',30,8,259),
	(249,'2017-07-28 17:45:32',30,9,16),
	(250,'2017-07-28 17:45:42',30,86,67),
	(251,'2017-07-28 17:45:49',30,87,16),
	(252,'2017-07-28 17:47:25',0,151,260),
	(253,'2017-07-28 17:47:31',31,142,261),
	(254,'2017-07-28 17:47:44',31,143,16),
	(255,'2017-07-28 17:47:57',31,146,262),
	(256,'2017-07-28 17:48:02',31,146,16),
	(257,'2017-07-28 17:48:11',31,66,96),
	(258,'2017-07-28 17:48:17',31,66,263),
	(259,'2017-07-28 17:48:22',31,66,264),
	(260,'2017-07-28 17:48:28',31,6,237),
	(261,'2017-07-28 17:48:33',31,6,265),
	(262,'2017-07-28 17:48:44',31,108,266),
	(263,'2017-07-28 17:48:49',31,106,67),
	(264,'2017-07-28 17:48:59',31,99,214),
	(265,'2017-07-28 17:49:08',31,74,67),
	(266,'2017-07-28 17:49:17',31,8,267),
	(267,'2017-07-28 17:49:25',31,9,268),
	(268,'2017-07-28 17:49:35',31,54,269),
	(269,'2017-07-28 17:49:41',31,53,270),
	(270,'2017-07-28 17:49:48',31,2,67),
	(271,'2017-07-28 17:49:58',31,79,107),
	(272,'2017-07-28 17:50:09',31,86,67),
	(273,'2017-07-28 17:50:18',31,87,16),
	(274,'2017-07-28 17:51:46',0,150,16),
	(275,'2017-07-28 17:51:54',32,142,271),
	(276,'2017-07-28 17:52:05',32,143,67),
	(277,'2017-07-28 17:52:17',32,146,16),
	(278,'2017-07-28 17:52:33',32,30,16),
	(279,'2017-07-28 17:52:43',32,66,16),
	(280,'2017-07-28 17:52:48',32,6,67),
	(281,'2017-07-28 17:52:54',32,74,16),
	(282,'2017-07-28 17:53:03',32,29,167),
	(283,'2017-07-28 17:53:12',32,3,32),
	(284,'2017-07-28 17:53:23',32,22,272),
	(285,'2017-07-28 17:53:28',32,22,273),
	(286,'2017-07-28 17:53:37',32,23,19),
	(287,'2017-07-28 17:53:46',32,8,79),
	(288,'2017-07-28 17:53:52',32,8,90),
	(289,'2017-07-28 17:54:03',32,9,274),
	(290,'2017-07-28 17:54:10',32,9,83),
	(291,'2017-07-28 17:54:18',32,54,16),
	(292,'2017-07-28 17:54:26',32,53,241),
	(293,'2017-07-28 17:54:31',32,37,16),
	(294,'2017-07-28 17:54:38',32,35,275),
	(295,'2017-07-28 17:54:43',32,38,16),
	(296,'2017-07-28 17:56:03',0,133,146),
	(297,'2017-07-28 17:56:06',33,142,276),
	(298,'2017-07-28 17:56:19',33,143,67),
	(299,'2017-07-28 17:56:31',33,146,243),
	(300,'2017-07-28 17:56:37',33,146,277),
	(301,'2017-07-28 17:56:50',33,108,16),
	(302,'2017-07-28 17:56:57',33,106,67),
	(303,'2017-07-28 17:57:04',33,74,16),
	(304,'2017-07-28 17:57:16',33,65,19),
	(305,'2017-07-28 17:57:22',33,29,278),
	(306,'2017-07-28 17:57:28',33,54,16),
	(307,'2017-07-28 17:57:41',33,100,279),
	(308,'2017-07-28 17:57:50',33,53,203),
	(309,'2017-07-28 17:58:01',33,2,67),
	(310,'2017-07-28 17:58:12',33,22,72),
	(311,'2017-07-28 17:58:18',33,25,67),
	(312,'2017-07-28 17:58:30',33,79,280),
	(313,'2017-07-28 17:58:36',33,79,281),
	(314,'2017-07-28 17:58:47',33,86,282),
	(315,'2017-07-28 17:59:26',33,101,283),
	(316,'2017-07-28 18:01:49',0,127,184),
	(317,'2017-07-28 18:02:35',34,102,284),
	(318,'2017-07-28 18:02:44',34,142,285),
	(319,'2017-07-28 18:05:16',0,133,195),
	(320,'2017-07-28 18:07:40',0,150,182),
	(321,'2017-07-28 18:10:24',0,127,184),
	(322,'2017-07-28 19:11:15',0,132,286),
	(323,'2017-07-28 19:13:20',0,133,287),
	(324,'2017-07-28 19:13:23',39,142,288),
	(325,'2017-07-28 19:13:37',39,143,16),
	(326,'2017-07-28 19:13:48',39,146,16),
	(327,'2017-07-28 19:14:04',39,99,289),
	(328,'2017-07-28 19:14:14',39,99,290),
	(329,'2017-07-28 19:14:23',39,108,67),
	(330,'2017-07-28 19:14:34',39,107,291),
	(331,'2017-07-28 19:15:04',39,100,292),
	(332,'2017-07-28 19:15:12',39,65,16),
	(333,'2017-07-28 19:15:20',39,90,293),
	(334,'2017-07-28 19:15:29',39,90,294),
	(335,'2017-07-28 19:15:43',39,8,295),
	(336,'2017-07-28 19:15:52',39,8,296),
	(337,'2017-07-28 19:16:07',39,9,297),
	(338,'2017-07-28 19:16:18',39,79,298),
	(339,'2017-07-28 19:16:30',39,3,299),
	(340,'2017-07-28 19:16:40',39,2,68),
	(341,'2017-07-28 19:16:50',39,69,300),
	(342,'2017-07-28 19:16:54',39,38,301),
	(343,'2017-07-28 19:18:29',0,133,195),
	(344,'2017-07-28 19:18:33',40,142,302),
	(345,'2017-07-28 19:18:43',40,143,303),
	(346,'2017-07-28 19:19:09',40,100,304),
	(347,'2017-07-28 19:19:14',40,143,305),
	(348,'2017-07-28 19:19:25',40,146,16),
	(349,'2017-07-28 19:19:36',40,108,16),
	(350,'2017-07-28 19:19:42',40,106,306),
	(351,'2017-07-28 19:19:47',40,106,307),
	(352,'2017-07-28 19:20:01',40,30,67),
	(353,'2017-07-28 19:20:11',40,90,16),
	(354,'2017-07-28 19:20:20',40,65,16),
	(355,'2017-07-28 19:20:28',40,22,16),
	(356,'2017-07-28 19:20:41',40,23,16),
	(357,'2017-07-28 19:20:49',40,79,16),
	(358,'2017-07-28 19:21:00',40,8,16),
	(359,'2017-07-28 19:21:07',40,9,67),
	(360,'2017-07-28 19:21:38',40,100,16),
	(361,'2017-07-28 19:21:44',40,3,16),
	(362,'2017-07-28 19:21:57',40,37,16),
	(363,'2017-07-28 19:22:08',40,35,308),
	(364,'2017-07-28 19:22:33',40,100,67),
	(365,'2017-07-28 19:22:37',40,38,67),
	(366,'2017-07-28 19:23:54',0,151,146),
	(367,'2017-07-28 19:24:01',41,142,309),
	(368,'2017-07-28 19:24:13',41,143,16),
	(369,'2017-07-28 19:24:24',41,146,16),
	(370,'2017-07-28 19:24:34',41,99,16),
	(371,'2017-07-28 19:24:42',41,65,16),
	(372,'2017-07-28 19:24:49',41,66,16),
	(373,'2017-07-28 19:24:56',41,6,214),
	(374,'2017-07-28 19:25:02',41,6,83),
	(375,'2017-07-28 19:25:10',41,74,16),
	(376,'2017-07-28 19:25:21',41,22,90),
	(377,'2017-07-28 19:25:27',41,22,16),
	(378,'2017-07-28 19:25:32',41,23,16),
	(379,'2017-07-28 19:25:40',41,2,67),
	(380,'2017-07-28 19:25:48',41,79,16),
	(381,'2017-07-28 19:25:59',41,8,16),
	(382,'2017-07-28 19:26:08',41,9,67),
	(383,'2017-07-28 19:26:20',41,86,16),
	(384,'2017-07-28 19:26:28',41,87,16),
	(385,'2017-07-28 19:27:51',0,150,310),
	(386,'2017-07-28 19:28:00',42,142,311),
	(387,'2017-07-28 19:28:10',42,143,312),
	(388,'2017-07-28 19:28:14',42,143,313),
	(389,'2017-07-28 19:28:43',42,100,314),
	(390,'2017-07-28 19:29:09',42,100,315),
	(391,'2017-07-28 19:29:14',42,146,316),
	(392,'2017-07-28 19:29:26',42,146,317),
	(393,'2017-07-28 19:29:35',42,90,318),
	(394,'2017-07-28 19:29:50',42,100,319),
	(395,'2017-07-28 19:30:07',42,100,320),
	(396,'2017-07-28 19:30:21',42,90,321),
	(397,'2017-07-28 19:30:30',42,108,67),
	(398,'2017-07-28 19:30:41',42,107,322),
	(399,'2017-07-28 19:31:00',42,74,323),
	(400,'2017-07-28 19:31:22',42,100,16),
	(401,'2017-07-28 19:31:27',42,65,16),
	(402,'2017-07-28 19:31:34',42,54,16),
	(403,'2017-07-28 19:31:42',42,53,250),
	(404,'2017-07-28 19:31:49',42,22,16),
	(405,'2017-07-28 19:32:11',42,100,16),
	(406,'2017-07-28 19:32:15',42,23,16),
	(407,'2017-07-28 19:32:22',42,79,324),
	(408,'2017-07-28 19:32:47',42,100,67),
	(409,'2017-07-28 19:32:53',42,2,67),
	(410,'2017-07-28 19:33:23',42,100,325),
	(411,'2017-07-28 19:33:31',42,86,326),
	(412,'2017-07-28 19:33:39',42,87,86),
	(413,'2017-07-28 19:33:51',42,87,327),
	(414,'2017-07-28 19:35:11',0,132,328),
	(415,'2017-07-28 19:35:16',43,142,329),
	(416,'2017-07-28 19:35:28',43,143,16),
	(417,'2017-07-28 19:35:40',43,146,16),
	(418,'2017-07-28 19:35:49',43,66,16),
	(419,'2017-07-28 19:35:54',43,6,67),
	(420,'2017-07-28 19:36:00',43,108,16),
	(421,'2017-07-28 19:36:10',43,106,67),
	(422,'2017-07-28 19:36:18',43,29,330),
	(423,'2017-07-28 19:36:24',43,74,16),
	(424,'2017-07-28 19:36:32',43,22,16),
	(425,'2017-07-28 19:36:38',43,23,16),
	(426,'2017-07-28 19:36:47',43,3,16),
	(427,'2017-07-28 19:36:57',43,2,67),
	(428,'2017-07-28 19:37:06',43,79,16),
	(429,'2017-07-28 19:37:15',43,69,16),
	(430,'2017-07-28 19:37:21',43,38,16),
	(431,'2017-07-28 19:38:43',0,150,16),
	(432,'2017-07-28 19:38:47',44,142,331),
	(433,'2017-07-28 19:39:00',44,143,16),
	(434,'2017-07-28 19:39:13',44,146,16),
	(435,'2017-07-28 19:39:25',44,99,16),
	(436,'2017-07-28 19:39:33',44,65,16),
	(437,'2017-07-28 19:39:57',44,100,16),
	(438,'2017-07-28 19:40:03',44,74,16),
	(439,'2017-07-28 19:40:12',44,108,67),
	(440,'2017-07-28 19:40:22',44,107,332),
	(441,'2017-07-28 19:40:33',44,79,67),
	(442,'2017-07-28 19:40:43',44,8,333),
	(443,'2017-07-28 19:40:53',44,8,334),
	(444,'2017-07-28 19:41:00',44,9,79),
	(445,'2017-07-28 19:41:06',44,9,83),
	(446,'2017-07-28 19:41:16',44,54,16),
	(447,'2017-07-28 19:41:26',44,53,335),
	(448,'2017-07-28 19:41:36',44,3,32),
	(449,'2017-07-28 19:41:44',44,37,16),
	(450,'2017-07-28 19:41:52',44,35,336),
	(451,'2017-07-28 19:41:58',44,38,337),
	(452,'2017-07-28 19:42:03',44,38,338),
	(453,'2017-07-28 19:43:24',0,133,338),
	(454,'2017-07-28 19:43:29',45,142,339),
	(455,'2017-07-28 19:43:40',45,143,16),
	(456,'2017-07-28 19:43:59',45,146,262),
	(457,'2017-07-28 19:44:07',45,146,340),
	(458,'2017-07-28 19:44:18',45,74,341),
	(459,'2017-07-28 19:44:25',45,74,342),
	(460,'2017-07-28 19:44:34',45,99,67),
	(461,'2017-07-28 19:44:41',45,66,16),
	(462,'2017-07-28 19:44:46',45,6,67),
	(463,'2017-07-28 19:44:54',45,108,343),
	(464,'2017-07-28 19:45:04',45,108,344),
	(465,'2017-07-28 19:45:28',45,100,12),
	(466,'2017-07-28 19:45:35',45,106,345),
	(467,'2017-07-28 19:45:39',45,79,16),
	(468,'2017-07-28 19:45:52',45,8,346),
	(469,'2017-07-28 19:46:02',45,9,347),
	(470,'2017-07-28 19:46:14',45,2,67),
	(471,'2017-07-28 19:46:24',45,54,348),
	(472,'2017-07-28 19:46:31',45,53,349),
	(473,'2017-07-28 19:46:39',45,86,67),
	(474,'2017-07-28 19:46:48',45,87,350),
	(475,'2017-07-28 19:48:27',0,151,351),
	(476,'2017-07-28 19:48:31',46,142,352),
	(477,'2017-07-28 19:48:41',46,143,19),
	(478,'2017-07-28 19:48:52',46,146,16),
	(479,'2017-07-28 19:49:04',46,66,16),
	(480,'2017-07-28 19:49:16',46,6,67),
	(481,'2017-07-28 19:49:24',46,90,83),
	(482,'2017-07-28 19:49:34',46,74,16),
	(483,'2017-07-28 19:49:43',46,99,62),
	(484,'2017-07-28 19:49:52',46,22,16),
	(485,'2017-07-28 19:49:57',46,23,16),
	(486,'2017-07-28 19:50:02',46,54,90),
	(487,'2017-07-28 19:50:15',46,54,353),
	(488,'2017-07-28 19:50:24',46,53,354),
	(489,'2017-07-28 19:50:30',46,8,16),
	(490,'2017-07-28 19:50:43',46,9,67),
	(491,'2017-07-28 19:51:27',46,101,203),
	(492,'2017-07-28 19:51:33',46,79,67),
	(493,'2017-07-28 19:51:41',46,37,355),
	(494,'2017-07-28 19:51:49',46,37,356),
	(495,'2017-07-28 19:51:56',46,35,357),
	(496,'2017-07-28 19:52:03',46,38,16),
	(497,'2017-07-28 19:53:23',0,127,16),
	(498,'2017-07-28 19:53:28',47,142,358),
	(499,'2017-07-28 19:53:42',47,143,359),
	(500,'2017-07-28 19:53:49',47,143,313),
	(501,'2017-07-28 19:54:00',47,146,16),
	(502,'2017-07-28 19:54:10',47,108,67),
	(503,'2017-07-28 19:54:25',47,107,360),
	(504,'2017-07-28 19:54:39',47,29,361),
	(505,'2017-07-28 19:54:48',47,99,362),
	(506,'2017-07-28 19:54:56',47,99,363),
	(507,'2017-07-28 19:55:04',47,65,16),
	(508,'2017-07-28 19:55:11',47,22,16),
	(509,'2017-07-28 19:55:17',47,23,16),
	(510,'2017-07-28 19:55:25',47,8,16),
	(511,'2017-07-28 19:55:37',47,9,364),
	(512,'2017-07-28 19:55:46',47,9,365),
	(513,'2017-07-28 19:55:56',47,54,16),
	(514,'2017-07-28 19:56:00',47,53,366),
	(515,'2017-07-28 19:56:09',47,3,367),
	(516,'2017-07-28 19:56:22',47,86,368),
	(517,'2017-07-28 19:56:29',47,87,16),
	(518,'2017-07-28 19:57:51',0,127,369),
	(519,'2017-07-28 19:58:02',48,142,370),
	(520,'2017-07-28 19:58:13',48,143,16),
	(521,'2017-07-28 19:58:25',48,146,243),
	(522,'2017-07-28 19:58:31',48,146,371),
	(523,'2017-07-28 19:58:41',48,29,372),
	(524,'2017-07-28 19:58:48',48,108,67),
	(525,'2017-07-28 19:58:57',48,107,83),
	(526,'2017-07-28 19:59:08',48,66,16),
	(527,'2017-07-28 19:59:16',48,6,16),
	(528,'2017-07-28 19:59:30',48,30,67),
	(529,'2017-07-28 19:59:37',48,79,16),
	(530,'2017-07-28 19:59:49',48,3,16),
	(531,'2017-07-28 19:59:58',48,54,67),
	(532,'2017-07-28 20:00:03',48,52,16),
	(533,'2017-07-28 20:00:13',48,8,16),
	(534,'2017-07-28 20:00:20',48,9,67),
	(535,'2017-07-28 20:00:31',48,69,16),
	(536,'2017-07-28 20:00:38',48,38,16),
	(537,'2017-07-28 20:02:17',0,132,286),
	(538,'2017-07-28 20:05:52',0,132,286),
	(539,'2017-07-28 20:08:51',0,127,184),
	(540,'2017-07-28 20:09:31',51,101,373),
	(541,'2017-07-28 20:09:36',51,142,374),
	(542,'2017-07-28 20:12:42',0,127,184),
	(543,'2017-07-28 20:13:12',52,101,375),
	(544,'2017-07-28 20:13:19',52,142,376),
	(545,'2017-07-28 20:13:28',52,143,67),
	(546,'2017-07-28 20:13:40',52,146,16),
	(547,'2017-07-28 20:14:04',0,133,377),
	(548,'2017-07-28 20:14:17',53,142,378),
	(549,'2017-07-28 20:14:28',53,143,379),
	(550,'2017-07-28 20:14:33',53,143,67),
	(551,'2017-07-28 20:14:48',53,146,380),
	(552,'2017-07-28 20:14:54',53,146,226),
	(553,'2017-07-28 20:15:10',53,30,88),
	(554,'2017-07-28 20:15:18',53,74,16),
	(555,'2017-07-28 20:15:26',53,65,16),
	(556,'2017-07-28 20:15:35',53,90,16),
	(557,'2017-07-28 20:15:52',53,8,381),
	(558,'2017-07-28 20:15:56',53,8,382),
	(559,'2017-07-28 20:16:03',53,9,16),
	(560,'2017-07-28 20:16:12',53,79,16),
	(561,'2017-07-28 20:16:24',53,22,383),
	(562,'2017-07-28 20:16:28',53,23,16),
	(563,'2017-07-28 20:16:38',53,3,67),
	(564,'2017-07-28 20:16:46',53,86,16),
	(565,'2017-07-28 20:16:54',53,87,16),
	(566,'2017-07-28 20:18:55',0,151,183),
	(567,'2017-07-28 20:18:59',54,142,384),
	(568,'2017-07-28 20:19:13',54,143,385),
	(569,'2017-07-28 20:19:17',54,143,386),
	(570,'2017-07-28 20:19:28',54,146,16),
	(571,'2017-07-28 20:19:37',54,108,16),
	(572,'2017-07-28 20:19:44',54,106,67),
	(573,'2017-07-28 20:19:52',54,66,90),
	(574,'2017-07-28 20:19:59',54,66,387),
	(575,'2017-07-28 20:20:05',54,6,72),
	(576,'2017-07-28 20:20:12',54,90,16),
	(577,'2017-07-28 20:20:27',54,29,388),
	(578,'2017-07-28 20:20:34',54,54,109),
	(579,'2017-07-28 20:20:40',54,54,389),
	(580,'2017-07-28 20:20:47',54,54,390),
	(581,'2017-07-28 20:20:58',54,53,391),
	(582,'2017-07-28 20:21:04',54,79,16),
	(583,'2017-07-28 20:21:21',54,2,392),
	(584,'2017-07-28 20:21:33',54,2,393),
	(585,'2017-07-28 20:21:44',54,22,16),
	(586,'2017-07-28 20:21:51',54,23,389),
	(587,'2017-07-28 20:22:00',54,69,394),
	(588,'2017-07-28 20:22:07',54,38,16),
	(589,'2017-07-28 20:25:22',0,133,195),
	(590,'2017-07-28 20:29:01',0,132,286),
	(591,'2017-07-28 20:29:43',56,101,146),
	(592,'2017-07-28 20:29:54',56,142,395),
	(593,'2017-07-28 20:30:04',56,143,16),
	(594,'2017-07-28 20:30:15',56,146,40),
	(595,'2017-07-28 20:30:26',56,74,396),
	(596,'2017-07-28 20:30:32',56,74,397),
	(597,'2017-07-28 20:30:40',56,65,398),
	(598,'2017-07-28 20:30:50',56,65,399),
	(599,'2017-07-28 20:30:57',56,99,28),
	(600,'2017-07-28 20:31:04',56,66,400),
	(601,'2017-07-28 20:31:12',56,66,401),
	(602,'2017-07-28 20:31:17',56,6,40),
	(603,'2017-07-28 20:31:28',56,2,12),
	(604,'2017-07-28 20:31:40',56,8,402),
	(605,'2017-07-28 20:31:47',56,9,403),
	(606,'2017-07-28 20:32:00',56,3,12),
	(607,'2017-07-28 20:32:12',56,22,107),
	(608,'2017-07-28 20:32:20',56,22,404),
	(609,'2017-07-28 20:32:27',56,23,40),
	(610,'2017-07-28 20:32:32',56,69,45),
	(611,'2017-07-28 20:32:40',56,38,4);

/*!40000 ALTER TABLE `responses` ENABLE KEYS */;
UNLOCK TABLES;


# Export von Tabelle user_sessions
# ------------------------------------------------------------

DROP TABLE IF EXISTS `user_sessions`;

CREATE TABLE `user_sessions` (
  `id` int(11) unsigned NOT NULL AUTO_INCREMENT,
  `start_datetime` timestamp NULL DEFAULT CURRENT_TIMESTAMP,
  `finish_datetime` timestamp NULL DEFAULT NULL ON UPDATE CURRENT_TIMESTAMP,
  `user_name` varchar(20000) DEFAULT NULL,
  PRIMARY KEY (`id`)
) ENGINE=MyISAM DEFAULT CHARSET=latin1;

LOCK TABLES `user_sessions` WRITE;
/*!40000 ALTER TABLE `user_sessions` DISABLE KEYS */;

INSERT INTO `user_sessions` (`id`, `start_datetime`, `finish_datetime`, `user_name`)
VALUES
	(17,'2017-07-28 16:30:02','2017-07-28 16:30:55','null'),
	(16,'2017-07-28 16:25:41','2017-07-28 16:28:15','Basti'),
	(15,'2017-07-28 16:20:41','2017-07-28 16:23:08','Fabian'),
	(14,'2017-07-28 16:17:51','2017-07-28 16:19:25','cornelius'),
	(13,'2017-07-28 16:16:47','2017-07-28 16:16:51','null'),
	(12,'2017-07-28 16:09:33','2017-07-28 16:10:27','null'),
	(11,'2017-07-28 16:07:12','2017-07-28 16:08:05','null'),
	(10,'2017-07-28 16:04:52','2017-07-28 16:05:46','null'),
	(18,'2017-07-28 16:32:23','2017-07-28 16:33:17','null'),
	(19,'2017-07-28 16:36:24','2017-07-28 16:39:02','Moritz'),
	(20,'2017-07-28 16:40:14','2017-07-28 16:45:22',''),
	(21,'2017-07-28 16:49:05','0000-00-00 00:00:00',NULL),
	(22,'2017-07-28 16:53:39','2017-07-28 16:56:53',''),
	(23,'2017-07-28 17:01:16','2017-07-28 17:05:14','Ben'),
	(24,'2017-07-28 17:07:20','2017-07-28 17:09:43','Gitter'),
	(25,'2017-07-28 17:11:23','2017-07-28 17:13:42','null'),
	(26,'2017-07-28 17:14:53','2017-07-28 17:18:44','Miriam'),
	(27,'2017-07-28 17:22:25','2017-07-28 17:23:26','möchteauchnichtalleineundkaltentschüss'),
	(28,'2017-07-28 17:31:32','2017-07-28 17:34:10','Rebecca'),
	(29,'2017-07-28 17:35:39','2017-07-28 17:40:25',''),
	(30,'2017-07-28 17:42:29','2017-07-28 17:45:59','Gitter'),
	(31,'2017-07-28 17:47:25','2017-07-28 17:50:28','Markusunddu'),
	(32,'2017-07-28 17:51:46','2017-07-28 17:54:52',''),
	(33,'2017-07-28 17:56:03','2017-07-28 18:00:21',''),
	(34,'2017-07-28 18:01:49','2017-07-28 18:03:45','möchteauchnichtalleineunterhaltentschüss'),
	(35,'2017-07-28 18:05:16','2017-07-28 18:06:10','null'),
	(36,'2017-07-28 18:07:40','2017-07-28 18:08:34','null'),
	(37,'2017-07-28 18:10:24','2017-07-28 18:11:18','null'),
	(38,'2017-07-28 19:11:15','2017-07-28 19:12:09','null'),
	(39,'2017-07-28 19:13:20','2017-07-28 19:17:01','Judith'),
	(40,'2017-07-28 19:18:29','2017-07-28 19:22:43','Habakuk'),
	(41,'2017-07-28 19:23:54','2017-07-28 19:26:38','Heiko'),
	(42,'2017-07-28 19:27:51','2017-07-28 19:34:01','unddusetztaufdasKissengehen'),
	(43,'2017-07-28 19:35:11','2017-07-28 19:37:30','Olivia'),
	(44,'2017-07-28 19:38:43','2017-07-28 19:42:12','Martin'),
	(45,'2017-07-28 19:43:24','2017-07-28 19:46:58','Meikewieheißtdu'),
	(46,'2017-07-28 19:48:27','2017-07-28 19:52:13','Carolina'),
	(47,'2017-07-28 19:53:23','2017-07-28 19:56:39','Johanna'),
	(48,'2017-07-28 19:57:51','2017-07-28 20:00:48','sweater'),
	(49,'2017-07-28 20:02:17','2017-07-28 20:03:10','null'),
	(50,'2017-07-28 20:05:52','2017-07-28 20:06:45','null'),
	(51,'2017-07-28 20:08:51','2017-07-28 20:10:35','Fritz'),
	(52,'2017-07-28 20:12:42','0000-00-00 00:00:00',NULL),
	(53,'2017-07-28 20:14:04','2017-07-28 20:17:04',''),
	(54,'2017-07-28 20:18:55','2017-07-28 20:22:16','junge'),
	(55,'2017-07-28 20:25:22','2017-07-28 20:26:16','null'),
	(56,'2017-07-28 20:29:01','2017-07-28 20:32:50','Nelly');

/*!40000 ALTER TABLE `user_sessions` ENABLE KEYS */;
UNLOCK TABLES;



/*!40111 SET SQL_NOTES=@OLD_SQL_NOTES */;
/*!40101 SET SQL_MODE=@OLD_SQL_MODE */;
/*!40014 SET FOREIGN_KEY_CHECKS=@OLD_FOREIGN_KEY_CHECKS */;
/*!40101 SET CHARACTER_SET_CLIENT=@OLD_CHARACTER_SET_CLIENT */;
/*!40101 SET CHARACTER_SET_RESULTS=@OLD_CHARACTER_SET_RESULTS */;
/*!40101 SET COLLATION_CONNECTION=@OLD_COLLATION_CONNECTION */;
